,aerosol,natural,ghg,lu,ozone,Total
1850,-0.0575583944032665,-0.0370769621509712,0.0,-0.0,0.0,-0.0946353565542377
1851,0.1451356926407861,0.2310500225361323,0.002537355046282514,-8.11871536907008e-05,0.0004991007854012529,0.37914098385491146
1852,0.0356425939389279,0.0754569887716712,0.005704976774964257,-0.00017157033940225924,0.0009982015708025534,0.11763119071696365
1853,-0.0607998829440812,-0.1457905849249508,0.00903557499465263,-0.0002616162768714828,0.001497302356203854,-0.196319206795047
1854,-0.0993341791173683,0.1498326975979597,0.012131690765105766,-0.000351351796447419,0.0019964031416051034,0.06427526059085484
1855,-0.0316777612868127,0.0053295323962573,0.01510159334950351,-0.0004405979692757293,0.002495503927006404,-0.009191729583321213
1856,-0.1239737445539888,0.1359032621107939,0.018194096140646914,-0.0005308234927459674,0.0029946047124077045,0.03258739491711375
1857,-0.0031466002950425,0.1101457848557606,0.022178849735736767,-0.0006219247473575238,0.0034937054978089574,0.1320498150469063
1858,0.2185989721002369,0.0654260607345101,0.026462389618500892,-0.000713793465878346,0.003992806283210258,0.3137664352705798
1859,-0.2076376482364212,0.0317780119681314,0.031161369886141817,-0.0008069175136457678,0.004491907068611559,-0.14101327682718218
1860,-0.2637265905729755,-0.1178900996095035,0.03612239658166721,-0.0009007834777928327,0.004991007854012811,-0.34140406922459177
1861,-0.0080622679052761,-0.1675065784050697,0.04125373831792725,-0.0009964859788053248,0.005490108639414112,-0.12982148533180976
1862,0.0465336848479099,-0.1702075651031608,0.04628909184942093,-0.001082317998179116,0.0059892094248154126,-0.07247789697919367
1863,-0.1256362316273471,-0.0240969079485138,0.051687697556472637,-0.0011681791886707195,0.006488310210216662,-0.09272531099784233
1864,-0.1496635488549797,-0.0267117218832872,0.05727386264751861,-0.0012540973458438306,0.0069874109956179625,-0.11336809444097418
1865,0.0911656497127859,0.1585521548574183,0.06279330130194863,-0.0013401417179717547,0.0074865117810192635,0.31865747593520033
1866,0.062766436469864,0.1649734425059203,0.06836453831067474,-0.0014262084081714892,0.007985612566420516,0.3026638214447081
1867,-0.0597507616188157,-0.1118588435212478,0.07415099233072077,-0.001512027279526614,0.008484713351821816,-0.09048592673704753
1868,-0.086843105728254,0.1991295088609677,0.07930179275471659,-0.001597606350018297,0.008983814137223118,0.1989744036746351
1869,-0.1132914074273944,0.0542600932571895,0.08367369538436811,-0.001682915511246898,0.00948291492262437,0.03244238062554069
1870,-0.0421390703615215,-0.0689846320294413,0.08778703503533293,-0.001768044289243211,0.009982015708025671,-0.01512269593684741
1871,-0.103979732183892,0.0408093957718744,0.09159360464223341,-0.0018564791636902416,0.010481116493426972,0.03704790555995254
1872,-0.1890846596362569,0.1015315384505766,0.09567579871355482,-0.001958934309788259,0.010980217278828221,0.01714396049691448
1873,-0.1942409599440668,0.2320066925776744,0.09997182548615458,-0.0020631882988163767,0.011479318064229522,0.14715368788517533
1874,-0.0254033008874569,0.1314668604152854,0.10482179554524042,-0.0021686340480859298,0.011978418849630822,0.2206951398746138
1875,0.0097128400853161,0.0203992305460183,0.11015336734053258,-0.002275370271082675,0.012477519635032075,0.1504675873358164
1876,0.0612755081876681,0.0825214715368318,0.11524301322926579,-0.0023833733817120216,0.012976620420433375,0.26963323999248706
1877,0.0009881254899973,0.0977690139412817,0.12041698751006781,-0.0024924685527721105,0.013475721205834675,0.23015737959440935
1878,-0.0214772177907389,0.0053802835516868,0.12591959886785714,-0.0026026948434016875,0.013974821991235925,0.12119479177663928
1879,0.0353026225890968,-0.0678528310728844,0.13144649749032888,-0.002714074879934346,0.014473922776637227,0.11065613690324416
1880,-0.0657376769007888,0.2071349982757731,0.13749887657342758,-0.0028264794270692417,0.014973023562038527,0.29104274208338116
1881,0.0712617543715484,0.0381022927987028,0.14370298401552692,-0.002945082903269502,0.01547212434743978,0.2655940726299484
1882,-0.0561458836489745,0.033371294460929,0.15014028435155696,-0.00305576757926671,0.01597122513284108,0.14028115271708586
1883,0.0074131731393703,-0.6276668092155681,0.1559879383658043,-0.003167613532554877,0.01647032591824233,-0.450962985324706
1884,-0.232583595332838,-1.736826217796396,0.16203877425973004,-0.003279989540741941,0.016969426703643632,-1.7936816017066022
1885,-0.1736073635679408,-0.5137607193387016,0.16888764100269507,-0.003393379901732009,0.01746852748904493,-0.5044052943166344
1886,-0.1777981163091583,-0.0919376918022467,0.1759581786959942,-0.003506946065644373,0.017967628274446236,-0.07931694720660892
1887,0.019665041384081,-0.3040051786738552,0.1834349859999742,-0.003620504113654657,0.018466729059847486,-0.08605892634360715
1888,-0.1018520747675643,0.0961618140476847,0.19134911534348872,-0.0037340054258012214,0.018965829845248788,0.20089067904305669
1889,-0.272552263951316,0.2422354243085075,0.1994883903639393,-0.003847426220494375,0.019464930630650086,0.18478905513128654
1890,-0.1634314384242534,0.0425928635905548,0.2074646652425703,-0.003960307645338125,0.019964031416051336,0.10262981417958492
1891,-0.1550051065248642,-0.1595143912033697,0.21566080596500736,-0.0040726389884527805,0.020463132201452638,-0.08246819855022668
1892,-0.2412738277320292,-0.0909387749416881,0.2241678038224939,-0.004187353461564115,0.020962232986853936,-0.09126991932593359
1893,-0.1849169918223825,0.2030333229096914,0.2319503754342094,-0.004302196251040752,0.021461333772255193,0.26722584404273275
1894,-0.1397295856907743,0.1311475491824416,0.23948878316384178,-0.004419643474279204,0.021960434557656488,0.2484475377388864
1895,-0.2557454893987017,0.1639306820426729,0.2463122024472994,-0.004537971033092329,0.022459535343057793,0.17241895940123608
1896,0.001024351813698,0.1289760646324588,0.25222669578034995,-0.004656708205838886,0.022958636128459043,0.4005290401491269
1897,-0.3156782246437505,0.2287416576489785,0.2580367860514808,-0.004775845438591719,0.02345773691386035,0.1897821105319774
1898,-0.1318914629530654,0.1405715729855197,0.26509112652926536,-0.004895392713155433,0.023956837699261643,0.2928326815478259
1899,-0.2208103518748247,0.0520224546812309,0.2731706075287637,-0.005014969463248818,0.024455938484662893,0.12382367935658399
1900,-0.266419681488887,0.3103358586581945,0.2817154174870048,-0.005134877129417619,0.0249550392700642,0.3454517567969589
1901,-0.1788922380998504,0.1209577082110689,0.2895699383544911,-0.005265672080474831,0.025454140055465493,0.25182387644070026
1902,-0.3223328140340398,0.0132077051357217,0.29784074484165207,-0.0053970205255786255,0.02595324084086675,0.009271856258622103
1903,-0.261378294424748,-0.8307535040598516,0.3064659965526671,-0.005533176703147202,0.02645234162626805,-0.7647466370088116
1904,-0.1884735404871433,-0.2925280421718683,0.3153922006553366,-0.005673687031046149,0.02695144241166935,-0.1443316266230518
1905,-0.3191762163003945,-0.093208169764587,0.32485720575586696,-0.00581862724062175,0.0274505431970706,-0.06589526435266568
1906,-0.0722193347102348,0.2609340395799024,0.3351256304407189,-0.005968631710068401,0.027949643982471906,0.54582134758279
1907,-0.3911248665304366,0.1761621797759088,0.34669930152865686,-0.006120121727280961,0.028448744767873204,0.1540652378147213
1908,-0.2505716334958161,0.0356471204132086,0.3573616918946358,-0.006273151504636559,0.028947845553274454,0.16511187286066614
1909,-0.0806186878815543,-0.063398384199857,0.36822601014143924,-0.00642734421745704,0.029446946338675756,0.24722854018124663
1910,-0.2371796027997001,0.1685588804889858,0.37954479350643006,-0.006582542725467993,0.029946047124077054,0.3342875755943248
1911,-0.1000828745933039,0.219456713301221,0.3906795206318348,-0.006728190862999778,0.03044514790947831,0.5337703163862305
1912,-0.1680469402739816,-0.5486172185846544,0.4023447999220938,-0.0068678378420864656,0.030944248694879606,-0.29024294808374906
1913,-0.3520378656416476,-0.3143382745097297,0.41367546985508274,-0.007002480318404298,0.03144334948028086,-0.22825980113441793
1914,-0.1232489920365546,0.05146960834425,0.4240927265161273,-0.007135293751892137,0.03194245026568216,0.3771204993376127
1915,-0.3545795778907912,0.2024008661209436,0.43489328613570566,-0.007266170052446063,0.032441551051083456,0.3078899553644955
1916,-0.5131305124034898,0.2299661270652793,0.4485989320025561,-0.007397425205211138,0.032940651836484765,0.19097777329561916
1917,-0.1935787882004348,0.1693659636962618,0.4608529124239263,-0.007529178544837293,0.03343975262188601,0.46255066199680206
1918,-0.2355924641840633,0.1195991305540312,0.47231676303735726,-0.007661471912098874,0.03393885340728731,0.38260081090251363
1919,-0.1847701580928123,-0.0907833218955404,0.48284894173721465,-0.007794606158006505,0.034437954192688615,0.2339388097835441
1920,-0.339177182067201,0.2389849169095233,0.494436819094174,-0.007928127633189211,0.03493705497808987,0.42125348128139695
1921,-0.174318252047806,0.2815213162638653,0.5046501917461599,-0.008069491307141068,0.035705475360665206,0.6394892400157433
1922,-0.5346883730446746,0.0831698654824465,0.5146180287314521,-0.008209553421732596,0.036473895743240545,0.09136386349073192
1923,-0.1557744165780835,0.0261536397259194,0.524136781051843,-0.008350947471989056,0.03724231612581589,0.42340737285350577
1924,-0.2599265633751888,0.1231632357858421,0.5327536392097176,-0.008493355658634127,0.038010736508391235,0.425507692470128
1925,-0.2405700510616192,0.0457362905896011,0.5374249499901523,-0.008636286403860048,0.038779156890966573,0.37273406000524073
1926,-0.3216429710494095,-0.0533559015803597,0.5406629731398619,-0.008779946041528248,0.03954757727354191,0.19643173174210637
1927,-0.3362007931087302,0.2818199314370478,0.5456259559845096,-0.008930093195600092,0.04031599765611725,0.5226309987733444
1928,-0.4038740609572724,0.2539502812370449,0.5512206459329846,-0.009080806045165906,0.041084418038692595,0.43330047820628376
1929,-0.4133094782242518,0.0037600151366394,0.557662924826658,-0.009235995425999767,0.041852838421267934,0.1807303047343138
1930,-0.1272086087981351,0.1051057136973157,0.5634112921468136,-0.009403866089539983,0.04262125880384328,0.5745257897602976
1931,-0.2425924379073483,0.1859046365524853,0.5700156623662765,-0.009573432102030176,0.0435861433302538,0.5473405722396372
1932,-0.2733179705090887,0.0461285752931849,0.5772596010016328,-0.009726889695849087,0.044551027856664316,0.3848943439465442
1933,-0.1070335748074958,0.007079655887785,0.5852743948570873,-0.00987982475115244,0.045515912383074834,0.5209565635692989
1934,-0.0939090583885738,0.0130521398925529,0.594711114687494,-0.010030827754723932,0.04648079690948535,0.5503041653462346
1935,-0.2850161968875299,0.3362344199975735,0.605186246471029,-0.010181609933413669,0.04744568143589587,0.6936685410835548
1936,-0.3638507911831722,0.2244972625082418,0.6207876343369237,-0.010333768340694306,0.0484105659623064,0.5195109032836054
1937,-0.4744387274383917,0.2076667249850816,0.6358093086543362,-0.010482225177274037,0.04937545048871692,0.40793053151246894
1938,-0.4748936287549948,0.1392159100624557,0.6473422836883207,-0.010631142402250724,0.05034033501512743,0.3513737576086583
1939,-0.6567438380757401,0.1092343030038006,0.6603366481110657,-0.010779823033822076,0.05130521954153795,0.1533525095468421
1940,-0.4450268490341951,0.3484607358378208,0.6708514953724359,-0.010926465781907792,0.05227010406794848,0.6156290204621023
1941,-0.3058752068097631,0.1973282787351453,0.6805826063793262,-0.011070255613148701,0.053784269596498215,0.614749692288058
1942,-0.4420588376103591,0.1374343829541063,0.6900904812692515,-0.011217530402000735,0.055298435125047896,0.42954693133604593
1943,-0.3902616593739667,0.1813529061023972,0.6980443544244996,-0.011363953417194617,0.05681260065359759,0.5345842483893332
1944,-0.6633235746683755,-0.056239109614816,0.7016352342604392,-0.011511393061595614,0.05832676618214733,0.028887923097799334
1945,-0.4568363396759127,-0.1072109104285426,0.7040743690263122,-0.0116589152986578,0.05984093171069702,0.1882091353338961
1946,-0.3121777490535311,0.1712376925187873,0.7078798865513829,-0.011820244809611765,0.0613550972392467,0.6164746824462741
1947,-0.2258738478886139,0.2360640654539959,0.7137919478123765,-0.011986611134930502,0.06286926276779643,0.7748648170106246
1948,-0.4296227744627485,0.2492481601156772,0.71874417769809,-0.012154315714079659,0.06438342829634613,0.5905986759332851
1949,-0.3369284154564116,0.2655863187374597,0.7241553173145582,-0.012323733817078108,0.06589759382489582,0.706387080603424
1950,-0.4214043082833337,0.2654868174492625,0.7302911865743763,-0.01249531928164544,0.06741175935344557,0.6292901358121052
1951,-0.5274177447065417,-0.0369375409250982,0.7373476364750267,-0.012702742848760194,0.07009103911499781,0.23038064710962441
1952,-0.5646565483848263,0.2566634395783492,0.7468301504455852,-0.012914716087044857,0.07277031887655,0.4986926444286133
1953,-0.5635998852362265,0.0258503935663131,0.7596715409305799,-0.013126222202959994,0.0754495986381023,0.28424542569580874
1954,-0.4618908052971235,0.0493769245296369,0.7732093597782954,-0.013346594643749297,0.07812887839965453,0.425477762766714
1955,-0.5656151501336156,0.3942678823269876,0.7870145683247092,-0.013574375419739462,0.08080815816120679,0.6829010832595485
1956,-0.3980400721468528,0.2664377184786045,0.8017423174399271,-0.013811751627215735,0.08348743792275902,0.7398156500672222
1957,-0.4584640379664151,0.2077020541724237,0.8168834535429199,-0.014054250435497058,0.08616671768431122,0.6382339369977427
1958,-0.4790366127463568,0.245506593949962,0.8311462693910638,-0.014305136658897051,0.08884599744586351,0.6721571113816356
1959,-0.5405364487231489,0.2801757320339876,0.8460733358324922,-0.014547007464283297,0.09152527720741571,0.6626908888864633
1960,-0.5260200796644838,0.1340881431435624,0.8651364165832344,-0.014786884313768634,0.094204556968968,0.5526221527175124
1961,-0.6334504269064934,0.0766977353781701,0.8815985875904979,-0.015038190846145352,0.09715888653188949,0.4069665917479187
1962,-0.6540686911803117,-0.0284347189239003,0.9037343196952836,-0.0152877849419851,0.100113216094811,0.3060563407438975
1963,-0.8341099162826265,-1.3613467072777394,0.9270088449886968,-0.01553844334918985,0.10306754565773249,-1.1809186762631265
1964,-0.7553399434144265,-0.7185898762186959,0.9509569045827723,-0.01578763178584114,0.10602187522065398,-0.4327386716155372
1965,-0.6820415520164255,-0.3551097482844708,0.9708114170714304,-0.016041934014676584,0.10897620478357548,0.02659438753943305
1966,-0.7080459534325714,-0.0252227269554496,0.9986397413662252,-0.016296622753734304,0.11193053434649691,0.3610049725709669
1967,-0.918110324100234,-0.0025497336394397,1.0204811969923755,-0.0165585495720912,0.1148848639094184,0.19814745359002903
1968,-0.7179926541544166,0.0810170231898005,1.0503600896505616,-0.016812455059309915,0.1178391934723399,0.5144111970989755
1969,-0.8034203912661395,0.1956236369937262,1.0803354287618467,-0.017065821517911008,0.12079352303526139,0.5762663760067838
1970,-0.7332748542398914,0.2198568571942472,1.1229551800866813,-0.017317254571415936,0.1237478525981829,0.715967781067804
1971,-0.6659679143256924,0.1148562991339844,1.1516010626366289,-0.017547945927871157,0.1262388542218931,0.7091803557389429
1972,-1.157131409685734,-0.0764223932320377,1.1996594497271282,-0.017765733985023475,0.1287298558456033,0.07706976866993645
1973,-0.9147685121529529,0.1271296403984575,1.2552359296010218,-0.017982118501783755,0.13122085746931353,0.5808357968140563
1974,-1.0094672135714635,-0.0424955997949784,1.2865252498516087,-0.018193934232870884,0.1337118590930237,0.35008036134531956
1975,-0.6869018356730577,-0.5297661204185776,1.307801277651483,-0.01840782716695119,0.1362028607167339,0.20892835510963026
1976,-1.0966763420812062,-0.0186962663796076,1.3391506105342357,-0.018624510348461947,0.13869386234044412,0.34384735406540406
1977,-0.8996549641760708,0.1794875255070418,1.3868494679216659,-0.018846428013196737,0.14118486396415428,0.7890204652035944
1978,-1.018349286345271,0.305848691051553,1.4323321186092794,-0.019059680343740167,0.1436758655878645,0.8444477085596858
1979,-0.8575036207701774,0.0835580322756461,1.4760930480200687,-0.019265221224657382,0.14616686721157476,0.8290491055124548
1980,-0.9107872319103126,0.0112644525371034,1.526097750169545,-0.019469419230946788,0.14865786883528498,0.7557634204006739
1981,-1.0662801076150057,0.0606952498358045,1.5653956645420626,-0.01967504150318168,0.14996353679118954,0.6900993020508693
1982,-0.9853481477891896,-0.1786630364105147,1.5926235166698335,-0.019881538896309486,0.15126920474709415,0.5599999983209138
1983,-0.7902787287194307,-0.5219191636423891,1.6336971552515884,-0.020116738848934362,0.15257487270299883,0.45395739674383306
1984,-1.0449670813534455,-0.2808385318422869,1.6744325624523273,-0.020356567333320717,0.15388054065890344,0.4821509225821776
1985,-0.8319865958946094,-0.0512700571085181,1.7140002608849794,-0.0206027178669583,0.15518620861480803,0.9653270986297016
1986,-1.001086602521627,0.0570135043637119,1.7531423594832887,-0.020853852945469684,0.15649187657071262,0.9447072849506165
1987,-0.9345288382035216,0.0692580234489403,1.8009168874976194,-0.021102620597548406,0.1577975445266172,1.072340996672107
1988,-1.031219114708426,0.0757543472252113,1.8572622429714918,-0.021351290665444392,0.15910321248252188,1.0395493973053547
1989,-1.0739920698627303,0.2122659644580502,1.900547980631884,-0.02160275667947688,0.1604088804384265,1.1776279989861533
1990,-1.070298395298647,0.3700603135832763,1.9340423553505333,-0.021839938106686795,0.16171454839433116,1.373678883922807
1991,-1.2191333854833024,-0.5909091820010272,1.9666052918253176,-0.02210859332324032,0.16365545041530277,0.29810958143305044
1992,-0.9707368943297592,-1.8904250004183225,1.9915071184399074,-0.022384830774955265,0.16559635243627455,-0.7264432546468551
1993,-1.0585541844959347,-0.7394539525946829,2.0068079495520807,-0.022638692659682363,0.16753725445724624,0.35369837425902706
1994,-1.1046162769144805,0.089309101365528,2.0319860425800025,-0.02288549525996008,0.1694781564782179,1.1632715282493078
1995,-1.200376359831642,0.1374941465848767,2.0658405959677015,-0.0231294032624376,0.17141905849918962,1.1512480379576884
1996,-0.9500450508221766,-0.0724269046763654,2.096422511596631,-0.023370703835916554,0.1733599605201613,1.2239398127823335
1997,-1.060568452020617,0.1265445614498276,2.118432016354747,-0.023729047648636925,0.17530086254113308,1.335979940676454
1998,-1.0734970926796006,0.1232741750745315,2.1621702416453967,-0.023982009757180053,0.17724176456210475,1.3652070788452522
1999,-1.027547073409424,0.2689585680308793,2.19452212098905,-0.024195939703523354,0.17918266658307644,1.5909203424900582
2000,-0.9625409702751008,0.2016699488981353,2.2154832223689556,-0.02439311338477837,0.18112356860404816,1.6113426562112598
2001,-0.9970953125767325,0.0695561063879494,2.238688368263076,-0.024550972415525365,0.18313030950179324,1.4697284991605608
2002,-0.8880938720423736,0.0278334159081563,2.2709285768828003,-0.024726696889771627,0.18513705039953823,1.5710784742583497
2003,-1.1004250289400652,0.2591926352795509,2.3091651332120127,-0.02487458344767751,0.1871437912972833,1.630201947401104
2004,-1.0087880517963104,0.0547767617224181,2.3326116746682897,-0.02504498370460776,0.18915053219502828,1.5427059330848178
2005,-0.9518520233752764,0.1533005034959972,2.3604448847393384,-0.025213323164906088,0.19115727309277336,1.7278373147879262
2006,-1.0500805430047535,0.1205188941561259,2.39088253495924,-0.02539265687439987,0.19316401399051836,1.629092243226731
2007,-1.1257056451433607,0.0801491502206432,2.416917498815738,-0.025551239690084885,0.19517075488826338,1.5409805190911987
2008,-1.0473796143353835,-0.1104912485133662,2.4522139429986023,-0.025660932928753915,0.19774116077010695,1.4664233079912057
2009,-0.914278750518108,0.0703378283154507,2.4760818070840154,-0.025784827425039323,0.20031156665195052,1.8066676241082693
2010,-1.1737300122820862,-0.0082369325370639,2.513137076894692,-0.025930099114425478,0.2028819725337941,1.5081220054949103
2011,-1.1332649798480183,0.1868171103731624,2.5473010320431646,-0.026080055764259053,0.2063446530688891,1.7811177598729386
2012,-0.8811060949707099,0.2679371378262297,2.577291230724028,-0.026239373400992957,0.20980733360398413,2.147690233782539
2013,-0.8991470844545854,0.1583797721780771,2.6186674175152755,-0.02639015119002832,0.21327001413907914,2.064779968187818
2014,-1.0053444871803257,0.0564777667792718,2.6485005847616954,-0.0265699973068068,0.21673269467417416,1.8897965617280088
2015,-0.6327993074893522,0.0391398272797267,2.6867548302109854,-0.026727541372656954,0.20992626437779352,2.2762940730064964
2016,-0.602344824287219,-0.0150112792989259,2.733584420477437,-0.026888957448294486,0.20479229206056032,2.294131651503558
2017,-0.5716073203526516,-0.123846720906752,2.776853742745443,-0.0270542455337194,0.20429572199489576,2.2586411779472155
2018,-0.5405756464220762,-0.0628817674504657,2.820416382917995,-0.027223405628931687,0.20809858286877636,2.3978341462852977
2019,-0.5092379811540328,0.0663062883936538,2.8641168998473296,-0.027396437733931352,0.21374897353196506,2.6075377428849844
2020,-0.4775817760024381,0.0408792079156737,2.9079325264057228,-0.027573341848718392,0.2212727516235021,2.664929368093742
2021,-0.46264229216757324,0.132450891237378,2.9519520174334017,-0.02775292072699901,0.22110556682528462,2.815113262601492
2022,-0.4476213266420943,0.0064629163379604,2.9966725260378912,-0.02793517436877321,0.22105238307949668,2.7486313244444815
2023,-0.4325171803909984,0.1339119383056557,3.0426137500898767,-0.028120102774040985,0.2212549416876891,2.937143346918182
2024,-0.41732810067714465,0.0461558714085083,3.0898283856529583,-0.028307705942802335,0.22160680574363448,2.911955256185154
2025,-0.40205227877395455,-0.0952399702584399,3.1383147766535506,-0.028497983875057267,0.22208247909526171,2.8346070228413605
2026,-0.38668784755501917,0.0335398749536053,3.1880691525344926,-0.028690936570805774,0.22266951742526736,3.02889976078754
2027,-0.3712328789525844,0.0491286906824142,3.238913904950101,-0.028886564030047867,0.22335474749655732,3.1112779001464395
2028,-0.3556853812762565,-0.1939415169706377,3.290726702538939,-0.02908486625278353,0.22410707343942063,2.936122011478682
2029,-0.34004329638260455,-0.0284303521382402,3.3435628790136,-0.029285843239012774,0.22490535390499425,3.1707087411587374
2030,-0.32430449668559247,-0.0870827450318468,3.397442762909691,-0.0294894949887356,0.22573814944168824,3.182304175645204
2031,-0.31838489611235543,-0.0531764091774733,3.4523982920552276,-0.029688170019151933,0.22790186957434663,3.2790506863205935
2032,-0.3124536402235426,-0.2163875025113107,3.50853556298942,-0.029881868330261786,0.23011410432143803,3.1799266562457427
2033,-0.30651063798684247,0.1642801022591376,3.5659811517282924,-0.03007058992206516,0.23237598470221407,3.626056010780737
2034,-0.300555797299267,0.0713315067564333,3.6247426444305035,-0.030254334794562042,0.23466246361165494,3.5999264827047623
2035,-0.29458902497029565,0.1272119405542986,3.684824582551598,-0.030433102947752446,0.23699809009373282,3.724012485281581
2036,-0.28861022670468495,0.0270501375494081,3.746214546496004,-0.03060689438163636,0.23939818483634032,3.693445747795431
2037,-0.2826193070849389,0.1718649074045306,3.8089012008989562,-0.0307757090962138,0.24187652526619097,3.909247617388525
2038,-0.2766161695534294,-0.0891126888454847,3.8728430001984813,-0.030939547091484745,0.2444350820080458,3.7206096767161285
2039,-0.2706007163941583,-0.0660518928215509,3.938014529623425,-0.031098408367449214,0.24706670896081034,3.817330221001077
2040,-0.2645728487141551,-0.0723557249760751,4.004392256196779,-0.031252292924107195,0.24977824401527923,3.8859896335977204
2041,-0.2607331513145068,0.0818051308657908,4.071931193403902,-0.03139998423631193,0.2513377510930299,4.112940939811904
2042,-0.25686168052484354,0.2580231519915954,4.140578411200492,-0.03154148230406341,0.25286348742356884,4.363061887786749
2043,-0.25295802503978804,-0.0152330679226658,4.210279776417117,-0.03167678712736165,0.25429331285122114,4.164705209178523
2044,-0.2490217655154061,0.05327856100283,4.281000261347088,-0.031805898706206634,0.25564263918019403,4.309093797308499
2045,-0.24505247435835714,0.0990176254326972,4.352707545328883,-0.03192881704059838,0.2568940001178789,4.431637879480504
2046,-0.24104971550808751,0.0557054981935686,4.425387929940494,-0.03204554213053687,0.2580537011779601,4.466051871673399
2047,-0.23701304421178684,0.1119288299242719,4.499000587730241,-0.03215607397602212,0.25914283034341906,4.600903129810122
2048,-0.2329420067918174,-0.0448630694768312,4.573536459351561,-0.032260412577054115,0.2601943342762935,4.523665304782152
2049,-0.2288361404053144,-0.0230847344388884,4.648972572853156,-0.03235855793363286,0.26125680404601564,4.625949944121336
2050,-0.22469497279563383,-0.0133058948064177,4.7252787016982545,-0.03245051004575836,0.2623537877433699,4.717181111793815
2051,-0.22590154020492004,0.0150576625266877,4.80243547311566,-0.032533891293103065,0.26497045240089645,4.8240281565452205
2052,-0.22710808874330224,-0.0384184180733604,4.8802769889440185,-0.03260870167566698,0.26750793423365493,4.849649714685345
2053,-0.22831461841667497,-0.0328237285570324,4.958622938051332,-0.03267494119345009,0.2698833857987891,4.9346930356829635
2054,-0.22952112923093018,0.0304662430229834,5.037475741110993,-0.0327326098464524,0.27208572763056793,5.077773972687162
2055,-0.23072762119195703,-0.0619508161350741,5.116843477189389,-0.03278170763467392,0.27409374625850197,5.065477078486185
2056,-0.23193409430564207,0.2129214915580408,5.1967264078393525,-0.032822234558114644,0.2759058096099311,5.420797380143568
2057,-0.23314054857786867,0.0898692411851712,5.277124741822561,-0.03285419061677457,0.27756473425481504,5.378563978067905
2058,-0.23434698401451795,0.1016334124364182,5.358044434525189,-0.032877575810653696,0.27910141427749474,5.47155470141393
2059,-0.23555340062146776,-0.109136863241944,5.439485197456801,-0.03289239013975203,0.28052011441222147,5.342422657865858
2060,-0.23675979840459402,-0.0193164301706035,5.521448244506974,-0.03289863360406957,0.2818521010186542,5.514325483346361
2061,-0.2360411894072874,-0.0952784820981083,5.603923180410405,-0.032903222875666244,0.28189131230701764,5.52159159833636
2062,-0.2353194120962778,0.0586730252718818,5.686935067347434,-0.032906157954542055,0.2818410928065388,5.759223615375035
2063,-0.2345944536057927,-0.0828355610826709,5.770488480302916,-0.03290743884069701,0.28168582060736846,5.701836847381124
2064,-0.23386630099153252,0.1529580767809312,5.854577298602973,-0.0329070655341311,0.2814277513525756,6.022189760210816
2065,-0.23313494123003148,0.0007134846280105,5.9391903945740046,-0.032905038034844326,0.28106846322811185,5.954932363165252
2066,-0.23240036121800936,0.1556872181757039,6.024326701630066,-0.03290135634283669,0.28058559117589343,6.195297793420817
2067,-0.23166254777171827,0.0149267603463896,6.109969717685776,-0.03289602045810819,0.279978370515221,6.14031628031756
2068,-0.23092148762628248,0.1140823096421166,6.196112000654399,-0.03288903038065883,0.27927815982028636,6.32566195210986
2069,-0.2301771674350321,-0.0125266869846991,6.2827494091427605,-0.0328803861104886,0.27852510160518285,6.2856902702177235
2070,-0.2294295737688279,-0.1771967421996535,6.369868687957719,-0.03287008764759751,0.27774748171406405,6.208119766055704
2071,-0.22651822513616346,-0.1447398989462579,6.457454950145017,-0.03286015680970014,0.27656830575385055,6.329904975006746
2072,-0.22359145498627522,-0.0193007018913195,6.545140184920686,-0.03285059359679647,0.27531584787780183,6.544713282324096
2073,-0.22064912464912376,0.1248467735167157,6.632565323031427,-0.03284139800888651,0.2739449899369739,6.777866563827105
2074,-0.21769109357584124,-0.0589745800908322,6.719780290389316,-0.03283257004597026,0.27247181049333213,6.682753857170004
2075,-0.2147172193046358,-0.2050151359415732,6.806802426451328,-0.03282410970804772,0.2709021263768063,6.625148087873877
2076,-0.2117273574259186,-0.2048337976148746,6.893655316058634,-0.032816016995118893,0.2692384140115424,6.713516558034264
2077,-0.20872136154663398,-0.0543622245472509,6.980357345559119,-0.03280829190718377,0.2674764995012047,6.951941967059255
2078,-0.20569908325376793,-0.1676306263190604,7.0669198510252595,-0.03280093444424236,0.2656047229102817,6.926393929918471
2079,-0.2026603720770138,0.1512883141632624,7.153360526733155,-0.03279394460629466,0.26362599014485366,7.332820514357963
2080,-0.19960507545057196,0.2737116895122516,7.239682251284348,-0.032787322393340666,0.2615580281128511,7.542559571065538
2081,-0.19520373872042196,0.1333184921886164,7.325894005789307,-0.032779143676691144,0.258235527748976,7.489465143329785
2082,-0.19076591538909174,0.0072761991345541,7.411299784375482,-0.0327694084563461,0.25484657833219515,7.449887237996794
2083,-0.1862910989662026,-0.0647244947186094,7.495250825002159,-0.03275811673230552,0.251382157775603,7.462859272360643
2084,-0.18177877234131826,0.1043109969231942,7.577842206588555,-0.032745268504569415,0.24785010040490257,7.7154792630707645
2085,-0.17722840748494686,-0.2270303502468824,7.659142520165169,-0.03273086377313778,0.24426248318145735,7.46641538184166
2086,-0.1726394651389437,0.0533887234231577,7.739199920500073,-0.032714902538010626,0.2406231479346217,7.827857424180898
2087,-0.16801139449586652,-0.0755964486604077,7.818080559502381,-0.032697384799187934,0.23691395346446845,7.778689285011388
2088,-0.16334363286679868,-0.1061577322726439,7.895824827305716,-0.03267831055666972,0.23312896794536084,7.8267741195549645
2089,-0.15863560533714718,0.0031774774322052,7.972480831974321,-0.032657679810455975,0.22925895953164369,8.013623983790566
2090,-0.15388672440988208,0.1269178853381779,8.048078418536031,-0.0326354925605467,0.2252909074459541,8.213764994349734
2091,-0.14902924697781544,-0.0439593058266304,8.122674315599493,-0.03260866983457637,0.22073084913882013,8.11780794209929
2092,-0.14412495703999706,0.210015076231376,8.19620588133165,-0.03257721163254499,0.21612322035773776,8.445642009248221
2093,-0.13917311751691855,0.0064233183149676,8.268655585152393,-0.032541117954452546,0.21154052871528436,8.314905196711274
2094,-0.13417297378247364,-0.0576285161636763,8.340045903621057,-0.032500388800299054,0.20703405406385703,8.322778078938466
2095,-0.12912375310255889,-0.0074533614002187,8.410455361720432,-0.03245502417008451,0.202598141890095,8.444021364937663
2096,-0.1240246640510396,0.1630406412724192,8.479793773298697,-0.032405024063808914,0.19821799127083717,8.684622717727104
2097,-0.11887489590197811,0.0142785882314359,8.548197174535888,-0.03235038848147226,0.19387536978385284,8.605125848167727
2098,-0.1136736179969591,-0.1535613341192576,8.615678890425867,-0.032291117423074556,0.18955067713636053,8.505703498022935
2099,-0.1084199790862741,-0.0663674099776843,8.682155912574508,-0.032227210888615784,0.18522634337310748,8.660367655995042
2100,-0.10311310664265977,-0.1556795923113391,8.74774832082381,-0.032158668878095965,0.18087774537021845,8.637674698361932
