,p05,p16,p50,p84,p95,weighted_mean
1750.5,0.0,0.0,0.0,0.0,0.0,0.0
1751.5,-0.011344393868947934,-0.002826344541314491,0.003860491798915775,0.012754837306443528,0.0219964446346389,0.004434093541406283
1752.5,-0.0199393502412937,-0.005099095913325503,0.005842924422947939,0.020153991351222245,0.035728300587960074,0.006653366361442115
1753.5,-0.011585422527201655,-0.002879935912064797,0.003906912948792296,0.012900391773293576,0.022283196653709664,0.004473670197160691
1754.5,-0.011058978793981517,-0.006037268976504011,-0.0013117354893001725,0.002193510137445388,0.007391851777797961,-0.0015894648982612892
1755.5,-0.007253129447786605,-0.0026071747211889895,0.000533352446354522,0.004570701642939308,0.008776956459722065,0.0007064574353368938
1756.5,-0.009928373147511594,-0.002382315739274508,0.0037191397476704223,0.012130173196071153,0.020478447609713454,0.0043345210086953145
1757.5,-0.024090425865146935,-0.015030343964370741,-0.004908891523684567,0.0010588709431560656,0.007021124105776826,-0.006323038514872229
1758.5,-0.010117255993156882,-0.00622136763075043,-0.0018777953960114977,0.0004123042346920199,0.002604935447331552,-0.002618153185876798
1759.5,-0.011941524623556708,-0.007507818969626761,-0.0024429521387214796,0.0008173573814401621,0.004251160954011754,-0.0030208604130410378
1760.5,-0.032956982615367336,-0.019010695531661993,-0.005679093672420289,0.004463463265488375,0.0175975390665288,-0.0064790460860810785
1761.5,-0.022358503328882617,-0.014124002798850956,-0.00473325271574432,0.0013105589383424808,0.007618248792506402,-0.005822769567602952
1762.5,-0.008284767868153194,-0.004884424873723182,-0.0015084135053520756,0.0009829257324154026,0.004106013148642594,-0.0017362346095603294
1763.5,-0.008494113166089192,-0.005391725571166764,-0.0018453556502289815,0.0005043291224257517,0.0030764219529210712,-0.002202015105110872
1764.5,-0.027844259553631193,-0.008038980989242496,0.005352168020292729,0.02331053304315408,0.04301839096315857,0.006415619786533846
1765.5,-0.021311706128973082,-0.013112926208797648,-0.004248509658354352,0.0019720616807956323,0.00917312684770322,-0.005010095677500213
1766.5,-0.013056803975826424,-0.006172670378640803,-0.0004250032092949792,0.004917867446601078,0.010494809453449836,-0.000734932771625878
1767.5,-0.011940894842715042,-0.0059983903755978655,-0.0007771824498081232,0.003071323964402998,0.0074524810133056885,-0.0013624971878205422
1768.5,-0.05347066311558035,-0.0335449401172228,-0.011126535992433734,0.004246802706114458,0.021403406022192605,-0.013172290753781304
1769.5,-0.02683062445434473,-0.016953563233382065,-0.005726169668927367,0.0017290069758117755,0.009952830452808125,-0.006849732189755606
1770.5,-0.027647899067260066,-0.017488914573591318,-0.0059180622801981095,0.0017333500723783095,0.01009636788154295,-0.007093518952357819
1771.5,-0.01208484812222528,-0.005292033143322618,-9.574925166463837e-05,0.005619900968718542,0.011359069211435023,-0.00012903893057857082
1772.5,-0.022020058452428395,-0.007537249752373123,0.002273434582905048,0.015408543959444352,0.029176931541338685,0.0030354244354260256
1773.5,-0.01753984662780105,-0.0063241943648222245,0.0011337032444684956,0.011004594536440622,0.021311015392874135,0.0016339956356188883
1774.5,-0.0390992459934445,-0.024676014951369438,-0.008302591028094821,0.0027750953147736394,0.015144931909857958,-0.009830584230458251
1775.5,-0.0245687280987651,-0.015087481400176196,-0.004466522942073043,0.0012124948992741533,0.006651268789425881,-0.006246582998159915
1776.5,-0.0152615020395932,-0.007640202113182274,-0.0009932022774475253,0.004112705924135724,0.009845274678049572,-0.0016818712376292727
1777.5,-0.03307844039733754,-0.020481972670743278,-0.006215524017281033,0.0012521466076519702,0.008436003476931929,-0.008656294726992853
1778.5,-0.04802335031748101,-0.029991007186986895,-0.009858345772443865,0.0011761885730443842,0.01233527585266498,-0.012970497239648932
1779.5,-0.029644135974853346,-0.018197622444514477,-0.005407536737681111,0.0013939757994094544,0.00785426589003024,-0.007564363158917274
1780.5,-0.052470756621087994,-0.03318288811120063,-0.01103628825317352,0.003211830213342338,0.01817417382842318,-0.013556568663942066
1781.5,-0.04204016283878202,-0.026256830098996466,-0.0085838478817318,0.000799326011566426,0.010434097941509485,-0.011467532717379648
1782.5,-0.03177135395295208,-0.019826430260468444,-0.006507792797483484,0.0005728192283498945,0.007890830584712596,-0.008672979472492234
1783.5,-0.02658111068869049,-0.016442193973834843,-0.005116934662420215,0.0008654267096198617,0.006572279647376488,-0.007059024993977102
1784.5,-0.03693641256950218,-0.017437444512954783,-0.001241278392953251,0.013581011011176017,0.029206120449607523,-0.002214626345789646
1785.5,-0.03462847070220975,-0.021654093279326915,-0.0071259714359007634,0.0005906798867648279,0.008555502169180385,-0.009496478400828814
1786.5,-0.03437546209035497,-0.01843303988860738,-0.00410957747720552,0.004856985636860943,0.014514500553525985,-0.006307877253027785
1787.5,-0.04060598084768677,-0.025031031438241428,-0.0077774922211923106,0.001456518562747642,0.010230710568420103,-0.010705888292815944
1788.5,-0.0832975742587457,-0.05254148039535093,-0.017667848309076205,0.004193384664232521,0.02615637909553112,-0.02195645525130468
1789.5,-0.05678644018087405,-0.03577596307772208,-0.012020318036047622,0.0016043338702477546,0.015272587472278765,-0.015462789715375052
1790.5,-0.061638612571237754,-0.03881308746055103,-0.01304036048183687,0.0019544813570863324,0.016872119095612873,-0.01667009682176397
1791.5,-0.03745256743427113,-0.022797000062626204,-0.006752751264430001,0.0020738310143269844,0.010551849115295485,-0.009410131481002932
1792.5,-0.039202678268880624,-0.021165995532957074,-0.0046606524419558855,0.005732242356434306,0.016997855068662235,-0.007106245876264888
1793.5,-0.03471230715485679,-0.019032002916891874,-0.004769452319303732,0.0040168937619613765,0.013075086730405886,-0.0070278717444860654
1794.5,-0.06930980630921488,-0.04380722547097291,-0.015046245286652157,0.0031537461242841943,0.021536121066000623,-0.01852188085704788
1795.5,-0.05333879377792659,-0.0334097085649691,-0.011156876154710768,0.0007667966135595994,0.012864297145774977,-0.014777832846774537
1796.5,-0.03362410643713228,-0.020894266425229412,-0.006804937665180463,0.0007626789582779412,0.007865057993430236,-0.009185293468079586
1797.5,-0.059055137240789264,-0.03705446918586432,-0.012522251897147974,0.0007186507964526764,0.014267557193357079,-0.016467042690273513
1798.5,-0.07249162415318583,-0.045647426594642555,-0.01553992151002176,0.0013385723878787353,0.018326041829985554,-0.020047962543076583
1799.5,-0.06322292718567016,-0.03992701845757674,-0.013767164621472976,0.0012237898195494837,0.016290750673685173,-0.017556471892715454
1800.5,-0.07658422559874149,-0.048665622941551405,-0.016952165251342133,0.0035242309361702465,0.024666416306907142,-0.020605724413793755
1801.5,-0.06819709892472871,-0.04294600119744079,-0.014787470412424146,0.0010040243950377701,0.016712481448269475,-0.01901111883555297
1802.5,-0.06681327189603335,-0.04223601782092716,-0.015025005100156925,0.0013970338467839932,0.017449386146660813,-0.018672900532604782
1803.5,-0.05083354875579525,-0.032187750306403876,-0.011379277348121802,-0.0002054163237249169,0.011079669333040797,-0.014742271843629185
1804.5,-0.055911940417460566,-0.0343321693676914,-0.010381083308791741,0.0028128914439940447,0.015506930877851287,-0.0143155397934018
1805.5,-0.07172881657031491,-0.04533976498558421,-0.015934051402580744,0.000831535462457515,0.017590306810412452,-0.020222419301487642
1806.5,-0.06837953870222373,-0.04292565292959216,-0.01470632720184571,0.00032462562360003835,0.014963454011494156,-0.019383854774119257
1807.5,-0.07899200361677289,-0.04988530855945841,-0.017402023165928093,0.00031369306036203257,0.01849434004561809,-0.022477738497118347
1808.5,-0.12337215144474353,-0.07846197481443953,-0.027119332510178496,0.0049022426151535394,0.03712885440242684,-0.033476436220824
1809.5,-0.10178397447320976,-0.0641062045564334,-0.02235368820513082,0.0027357181106941867,0.027723881404875857,-0.02792517743277434
1810.5,-0.1087200506754682,-0.06879461218792961,-0.023831030861462866,0.003344138943933541,0.030401973953398203,-0.02977814149075534
1811.5,-0.08794569833956833,-0.055496336036307096,-0.019298503336274007,0.00047140454210736006,0.020874743655536314,-0.0249330604165271
1812.5,-0.0749889889050204,-0.0468041979076448,-0.015784997097843787,0.000874297203110672,0.016813826549883223,-0.02103317000869769
1813.5,-0.0803921041227665,-0.05069745666575719,-0.017733571029577958,0.00022602772058893236,0.018400351171369927,-0.023006271580397045
1814.5,-0.12488256912380974,-0.07950268907464052,-0.027850226637396537,0.005003262135203285,0.03797911919785189,-0.03401958171388342
1815.5,-0.11259981253886078,-0.07127358280619467,-0.02485766927069476,0.0017460530938947561,0.028736525870035143,-0.03150926366205445
1816.5,-0.10430353866845485,-0.06611461251987713,-0.02347096130894048,0.0012601092292237623,0.026089579367655005,-0.029534423105154473
1817.5,-0.1176617998301864,-0.07455146436593309,-0.026150983674004126,0.0014108396365061103,0.02905634342866578,-0.033194078902699375
1818.5,-0.14249806150435132,-0.0902642929858046,-0.031752182366320145,0.003666203525628511,0.038907081508654046,-0.03942802064435082
1819.5,-0.12877442555193025,-0.08128888269947973,-0.028641316560748118,0.002792352328407985,0.033845556963435046,-0.03573769687719806
1820.5,-0.1480141339431151,-0.09420762493172169,-0.033104561499723816,0.0061501004077734265,0.04582450345930855,-0.040235357329707545
1821.5,-0.14560438225479416,-0.09210553725051845,-0.03235838611237576,0.0037882423521411867,0.03967832584291695,-0.04016657050142575
1822.5,-0.13801142788350465,-0.08796301595499384,-0.031000870608800565,0.004405314803446785,0.03992491579310646,-0.03812840337670221
1823.5,-0.12232878161385939,-0.07762500788813143,-0.027627875422467172,0.0012755885978586693,0.03020550032067828,-0.03468976185349744
1824.5,-0.125643241031549,-0.07975830328108834,-0.02798718024493951,0.0002911176937563677,0.029411154817934642,-0.036093735594513995
1825.5,-0.14564688058631153,-0.0923663983123212,-0.032895900997668225,0.002754586034257334,0.0378046250938874,-0.04082313360676872
1826.5,-0.13656845096935658,-0.08686798571162149,-0.0306829098386309,0.0008322042708340826,0.03274691755706552,-0.03899910318643489
1827.5,-0.15127026964001028,-0.09575524797645826,-0.03415822672534794,0.0014638586618884201,0.036666669465976416,-0.04296121284200889
1828.5,-0.19838541488017783,-0.1268573410544984,-0.044805336725674126,0.0071388134998145855,0.0593211045877263,-0.05477021031326228
1829.5,-0.17837176198280186,-0.11361776956859555,-0.04042201901521273,0.004685089712131881,0.04954596107450694,-0.049788295673996744
1830.5,-0.19022510799537407,-0.12156037119606178,-0.0446322031159574,0.0033266501791521966,0.051282039631645245,-0.05431037309334158
1831.5,-0.1630597049122543,-0.10374591982239824,-0.03802362284448297,9.475710817572669e-05,0.037530469664269386,-0.04738939909891213
1832.5,-0.15627286494472373,-0.09988418944879829,-0.036519088218586675,-0.0008827290985117835,0.034839360653270625,-0.04603767062877058
1833.5,-0.16456403855179685,-0.1050884514782951,-0.03857852128088004,-8.573829371957814e-05,0.03745698063575429,-0.048097198857704755
1834.5,-0.20452872261820776,-0.13089975341507562,-0.04751823835341145,0.004522532641865027,0.05651315412546713,-0.05795364116251434
1835.5,-0.1906711032779772,-0.12149797108920302,-0.044305553153199305,0.0008200014438360686,0.04625689022055033,-0.05502383904720746
1836.5,-0.19516789602166412,-0.1252728860067154,-0.04656585741783749,0.0002486020177775603,0.046741591258300276,-0.05715499593235114
1837.5,-0.20800995487524157,-0.13335685687756504,-0.04911727566853541,0.000356572365866452,0.05064866368841603,-0.060697370027421586
1838.5,-0.22973208191750263,-0.14755480576501237,-0.054242895606256704,0.001894424447166362,0.057831236721005916,-0.0664953233567697
1839.5,-0.22052542717370885,-0.14160880153403904,-0.052505058769663354,0.0007613504801921353,0.05377318938341507,-0.06436077240804414
1840.5,-0.2245003313018759,-0.14397982941554288,-0.054045244651209905,0.0015838440399089434,0.056423424235663766,-0.06542690051983713
1841.5,-0.24189423834694934,-0.15543259210025367,-0.057785083288653054,0.0013262645706692507,0.05995115907039162,-0.07053756922113072
1842.5,-0.23015446989027052,-0.1476509594132819,-0.055893612308000024,0.0005816513436274807,0.055646387247567236,-0.0676700295904487
1843.5,-0.20708178513328362,-0.13326651359543606,-0.05124538097884909,-0.0026767048925112774,0.04437291580871947,-0.06260606853695255
1844.5,-0.21260168112731806,-0.1374108988580142,-0.05283615661978339,-0.004364316577047868,0.043890220037061015,-0.06516659574752988
1845.5,-0.23903497452708883,-0.15482808679918017,-0.059862731168850374,-0.0027954762970821023,0.0533992036807277,-0.07262917195454101
1846.5,-0.23062163134239608,-0.14947791347898465,-0.058019132767068396,-0.004895176305639863,0.048486292087790844,-0.07089714305087236
1847.5,-0.2589445251680366,-0.16721115100706505,-0.06540387775744469,-0.0038820333439021624,0.05574811123755563,-0.07907472700178858
1848.5,-0.29548369424907434,-0.19155519206755114,-0.07424374940037912,-0.000921852893524166,0.07105455549645091,-0.0886826140943237
1849.5,-0.2821624715081485,-0.18374989242521736,-0.07198086152193363,-0.0034560059512234492,0.06405130909133128,-0.08639004416746876
1850.5,-0.29435215263993464,-0.19116209334726633,-0.07456265459356197,-0.002669954631453277,0.06793215089522199,-0.08937822895583487
1851.5,-0.2647073672290098,-0.1717408169117258,-0.06796598634206052,-0.006848840813460201,0.05408622585208461,-0.08233036148774367
1852.5,-0.25162790788358586,-0.16450890839954851,-0.06573260028190758,-0.008676458913311836,0.04797199294700194,-0.07973184879585785
1853.5,-0.2645435681721611,-0.1728101970650832,-0.06927680750747854,-0.008137404771667191,0.05206757236183651,-0.08370705948938022
1854.5,-0.3125661526215088,-0.2047120664586654,-0.08247598434264783,-0.006938712866349686,0.06624252235358882,-0.09811911337950202
1855.5,-0.2956264647906897,-0.1935339054203148,-0.07871285269033441,-0.010377910637409097,0.05755428191060104,-0.09433064344363502
1856.5,-0.2936524696788651,-0.19248519010723447,-0.07997773437041118,-0.011875417711399045,0.05456856385512339,-0.09493523135542979
1857.5,-0.32023595730842025,-0.21062689575718668,-0.08660971648546806,-0.0109775034528828,0.06238643824569215,-0.10261753971930188
1858.5,-0.3358018778441168,-0.22007755865543904,-0.09028197918256912,-0.010211325819099167,0.06707927398911098,-0.10687068336589108
1859.5,-0.33553643111115794,-0.22107755177328187,-0.0921062342259946,-0.011959778651770366,0.06525157545693788,-0.10835599438938426
1860.5,-0.3416953918987425,-0.22649419896463463,-0.09607727314046337,-0.014011498404827006,0.06388955299685493,-0.11204837790968122
1861.5,-0.3415833372111579,-0.22651614440254605,-0.09695892073130849,-0.01700174487025058,0.06030505521188995,-0.11365951760506449
1862.5,-0.340106786889776,-0.22474966091160778,-0.09687792097144274,-0.017039980032830512,0.05934071036215574,-0.1129947833805944
1863.5,-0.32083095991029803,-0.2140628770978321,-0.09461863194728433,-0.021494369859750777,0.04761780345165603,-0.11057868008048685
1864.5,-0.3304910422697551,-0.22152100549938164,-0.09883323555598274,-0.023965318142753805,0.04657354875566641,-0.11531935782588985
1865.5,-0.366028549890923,-0.24447275453295308,-0.10936177231094509,-0.02343850305903064,0.056183529568864396,-0.12615709425312566
1866.5,-0.3551298902906603,-0.23852679700396007,-0.10787913100178302,-0.02684250950842764,0.04975284809682064,-0.12472368956786735
1867.5,-0.38076848719984485,-0.2558388986255925,-0.11673576260999799,-0.028533687354656025,0.05451842687387806,-0.13404836857300603
1868.5,-0.4166771041120126,-0.27994321878675954,-0.12641326873591244,-0.026744792054978383,0.06657043939083557,-0.1442500654514472
1869.5,-0.39462824281051784,-0.2668317604627385,-0.12407499832909454,-0.032478729287881716,0.05212180783281312,-0.14154529269724564
1870.5,-0.41973891438919503,-0.28394003688781744,-0.13110964870779726,-0.03161431469222766,0.061461147554238205,-0.1491232062211799
1871.5,-0.39610850559160243,-0.2688191658817942,-0.12921514336439802,-0.03880347415903015,0.04242581955622596,-0.14656034546451516
1872.5,-0.38489049129280717,-0.2639494282065803,-0.13123448336856913,-0.0448086970840018,0.02983797985309472,-0.14795911489723726
1873.5,-0.4203490412953456,-0.29008459501847667,-0.14366960802015255,-0.04709150447654177,0.03765036737708197,-0.1612687976460039
1874.5,-0.44032985642621497,-0.3020175502573694,-0.1473511269468149,-0.043852789436068774,0.049163941867812096,-0.1649878142692819
1875.5,-0.414910548974895,-0.28644159051299994,-0.14453267929570474,-0.05075129247911562,0.029553266435036807,-0.16191461536103838
1876.5,-0.42679976103618833,-0.29598881611460565,-0.149548613514981,-0.05121066034305268,0.03329033856770873,-0.16661579919173003
1877.5,-0.4384631615858753,-0.30407254806250655,-0.15419180598793342,-0.05367764641287549,0.03329025872420092,-0.17162028900626064
1878.5,-0.4479569704935322,-0.31105220274207235,-0.15737462263551424,-0.053859886438715567,0.035617266327894685,-0.1750959408199484
1879.5,-0.46691947183088756,-0.3255208268235964,-0.1670101556790696,-0.056900772644631795,0.037583986779125535,-0.18409884685990627
1880.5,-0.4653629135646118,-0.3292310720833591,-0.17468772280618797,-0.06591605786037953,0.023055688380154243,-0.19105196272776329
1881.5,-0.4740430083346946,-0.3362623460215085,-0.17908545619589383,-0.06965672294192549,0.01789293560851788,-0.19640128704760657
1882.5,-0.46890850390571864,-0.3347365024649987,-0.18196306633131606,-0.07456222322133059,0.008571464027002599,-0.19881926650198897
1883.5,-0.452760112142631,-0.3262330629187278,-0.18193919279003598,-0.08087571428628783,-0.008856263564263977,-0.19905636090422804
1884.5,-0.4742442861018952,-0.3412298862481767,-0.18863748585693743,-0.08208377654114635,-0.004215594558259565,-0.20629167613842408
1885.5,-0.4824405419636436,-0.34756196084862495,-0.19224220705909553,-0.08239385176907583,1.1139750338966308e-05,-0.2092885194193783
1886.5,-0.4801042855004733,-0.3454166873715671,-0.191664843207664,-0.08385146261645925,-0.005185920109513299,-0.20938145871371008
1887.5,-0.49780034605211326,-0.36029068028751665,-0.20043591067704955,-0.08717820970721439,-0.0037632556049223558,-0.2180818466257829
1888.5,-0.5346041403659487,-0.38990403517926225,-0.22012327818952054,-0.0954989131012166,-0.004583291155308788,-0.23700491902738954
1889.5,-0.522011516461666,-0.38137360144171095,-0.2165142222037467,-0.09699081542412555,-0.010661730480567094,-0.23389240467018776
1890.5,-0.5453800927252628,-0.4016830772988306,-0.23128326670387314,-0.1051436103670288,-0.015145878546376938,-0.24840381544252257
1891.5,-0.5262545550594143,-0.39113578327395965,-0.23149936021634104,-0.11153672589943818,-0.03493258467952237,-0.24783867434036058
1892.5,-0.5170952733281793,-0.38705761095289815,-0.23156918697729684,-0.11510826617112278,-0.04065522927089803,-0.24742346543654362
1893.5,-0.5264754816593826,-0.3921582287496757,-0.23279066051325426,-0.11338064018746705,-0.03759122499002804,-0.24914628395987748
1894.5,-0.5631922785131811,-0.4186362461527973,-0.2465060423759022,-0.11727341131359882,-0.02730177562865895,-0.26369265971938805
1895.5,-0.5628911616044614,-0.42011674628756907,-0.25321845210397576,-0.12537067975239358,-0.04354652918261422,-0.2698935048227996
1896.5,-0.546025431883869,-0.41329661762840675,-0.2542882598138587,-0.1309758112624057,-0.05619551141609494,-0.269648765294732
1897.5,-0.5804795934871998,-0.43691584818182305,-0.26858345690958874,-0.1376959063738107,-0.056290292395477684,-0.28492292979572326
1898.5,-0.5871214420607568,-0.4472175212403686,-0.27849634304735776,-0.1461245542889074,-0.0668080859816047,-0.2945610747383065
1899.5,-0.620907197169016,-0.4755397027051696,-0.2999747337002897,-0.15902801166437838,-0.07187321356597956,-0.3156513911857902
1900.5,-0.6257602357410619,-0.4821327665522705,-0.30876912466374024,-0.1678913894063176,-0.08221003471441814,-0.3240454397798006
1901.5,-0.6267504900968215,-0.48694831450700476,-0.31508208031716073,-0.1754672415180772,-0.09511796750317807,-0.3303147159637504
1902.5,-0.6272115672199412,-0.4896538954322797,-0.32057549714492023,-0.18148133058697918,-0.10159095162094886,-0.3347569821224289
1903.5,-0.6389507693830729,-0.5050451938541924,-0.3360993698698405,-0.19586400973380524,-0.11699819125355826,-0.34985046099679923
1904.5,-0.6680523253794446,-0.5251206030366729,-0.34809467717189607,-0.2000804439166057,-0.11358594795203883,-0.3619489306689596
1905.5,-0.6927462977268716,-0.5475805668792623,-0.3659059204197624,-0.21315207939429606,-0.1246131837311324,-0.3796226059660023
1906.5,-0.7066838581844719,-0.5636797087824782,-0.38144417690421556,-0.22669915912357705,-0.13744156858106474,-0.39469207744292756
1907.5,-0.7620540138635251,-0.6133651964715506,-0.4174062567964229,-0.24831313265427044,-0.14975750550529748,-0.43062000585807464
1908.5,-0.7558630228130715,-0.6037620093137054,-0.40710246759444446,-0.23745727636929742,-0.13997085162564424,-0.42038876109769846
1909.5,-0.7631688334827896,-0.6146329543491595,-0.41918571328498366,-0.25016295371837005,-0.15163154923009015,-0.43240979173085137
1910.5,-0.8000910552979567,-0.6458712255169999,-0.4399601149706486,-0.25999291296559146,-0.15673173741412952,-0.45272227017091043
1911.5,-0.7822765403695875,-0.6337886814647187,-0.4357297866415783,-0.2643632054576061,-0.16405721709242288,-0.4491399529613686
1912.5,-0.7865734794094891,-0.6422497009062988,-0.4442587611991732,-0.27293092727844603,-0.17458532838227844,-0.4570765196988703
1913.5,-0.8177929160236089,-0.6680942756250593,-0.46243567952598175,-0.2840433027993449,-0.18088424782233037,-0.47598607176207963
1914.5,-0.8009889061579963,-0.6447723375650302,-0.4391789558106566,-0.25872397297017247,-0.15625809793236728,-0.45202369864185155
1915.5,-0.7810017338754646,-0.6300211818452662,-0.43185036158098583,-0.2600266155500073,-0.16071620416425697,-0.4450932994831944
1916.5,-0.8079334256018769,-0.6610696261058119,-0.4574780505916237,-0.28176223927048427,-0.18049280419578176,-0.47118475377140745
1917.5,-0.8391831424228247,-0.6874333089076583,-0.4772783965441335,-0.2933882448687095,-0.18760932722030055,-0.4904934233976502
1918.5,-0.8398445410697287,-0.6868096842654791,-0.4753665503569669,-0.29045080393508865,-0.1828476125599787,-0.488633290139017
1919.5,-0.7717461375386532,-0.6186889727496963,-0.42000085079101757,-0.24817711064094325,-0.14902131664270116,-0.4334967946277629
1920.5,-0.8180965847041468,-0.6634434839387918,-0.4563756574219968,-0.2761401399479343,-0.17122493021110455,-0.46982658465961885
1921.5,-0.7396532661763471,-0.5915283588758731,-0.39894526961222293,-0.23588318815144893,-0.1427848614323262,-0.4131692417872619
1922.5,-0.7462508937846191,-0.5999167383271996,-0.4083740518294814,-0.24578608377771335,-0.15351484462170126,-0.42270028355924794
1923.5,-0.8368403641976824,-0.6728207715417184,-0.45571139424275114,-0.27037322327150093,-0.16338636839785114,-0.4707444959139602
1924.5,-0.8136875187368778,-0.6554276202760875,-0.44792048403125295,-0.26778691111636904,-0.16732780794474977,-0.46205606973393737
1925.5,-0.8217059425400243,-0.662763315286031,-0.45080493439117275,-0.26930504378451475,-0.1677424026944446,-0.4658750605732882
1926.5,-0.8177291628583292,-0.6648417061814456,-0.45689705027186284,-0.27725951072868327,-0.17695993893449077,-0.47137776162262746
1927.5,-0.8488367473406334,-0.6940946158745269,-0.48059880296131985,-0.29460815059601686,-0.18930863217315466,-0.4945741782446486
1928.5,-0.8416161752073801,-0.6917271674193891,-0.4812665786570197,-0.29741422457079414,-0.19213010232756383,-0.4944470588202702
1929.5,-0.8805812957820268,-0.7269601525213762,-0.5081511883132909,-0.3166448610814935,-0.20708214087299107,-0.5220688466128127
1930.5,-0.8636112870544713,-0.7035296207162455,-0.4856006115319262,-0.2934575255363781,-0.1809080490526128,-0.4983120979263298
1931.5,-0.7635661525917744,-0.6209498410581168,-0.42716035760625304,-0.26085906566434414,-0.16541215479492896,-0.44073466485691415
1932.5,-0.7390185162036971,-0.5865086774052245,-0.39479735201199284,-0.2320129612135181,-0.13706092093498923,-0.4088182028070189
1933.5,-0.7462791011792291,-0.6002797504019144,-0.40960434897175424,-0.24452424092492328,-0.1495763747968202,-0.4224171013048383
1934.5,-0.8100814740185692,-0.6567556759258797,-0.4498779517428029,-0.26887394086865285,-0.1630996603673838,-0.4625003636882986
1935.5,-0.8330111511846713,-0.6826730339921879,-0.47292772102467456,-0.28903664364425596,-0.18229209631146384,-0.4856697949572901
1936.5,-0.8938642073186794,-0.7318717783094286,-0.5075284186771527,-0.30772635702833984,-0.19130273174267956,-0.5198047397542027
1937.5,-0.9129430197313421,-0.7557297657861134,-0.5326405023824331,-0.33031298832199013,-0.21325179945758743,-0.543573556926448
1938.5,-0.8515991428565769,-0.7048449364903948,-0.49447270214887873,-0.30961171115633773,-0.20323501087582707,-0.5073435171970688
1939.5,-0.9125986996573556,-0.7546453392777082,-0.5303065237670382,-0.3274905970574845,-0.20925144912410984,-0.5413137600745231
1940.5,-0.9449448401500345,-0.7904008573907392,-0.5655779200796718,-0.35748019407848364,-0.23950612160075163,-0.5753791154209582
1941.5,-0.9625492173727824,-0.8096418084475269,-0.5817778712137043,-0.3696404407459314,-0.2512017171734803,-0.5911739010750009
1942.5,-0.997964717354022,-0.8342156761908678,-0.5993638474452936,-0.3774197136838202,-0.251951256029979,-0.607814945374167
1943.5,-0.999036180907015,-0.8395868673360135,-0.6037103195169704,-0.38368730396969336,-0.2600646211965528,-0.6131337953297238
1944.5,-0.9890081408702168,-0.8281309370631319,-0.5925714434690835,-0.37483191085309425,-0.2509983804765935,-0.6029113713678083
1945.5,-0.8931908097481361,-0.7429526748741649,-0.5238438576315944,-0.32889511703079205,-0.21731893705614894,-0.5360210564098964
1946.5,-0.8731046585222992,-0.7248622824618653,-0.5098395192576248,-0.321359370532809,-0.21477800732640362,-0.5233612841119637
1947.5,-0.9158385389319375,-0.7688965346793292,-0.5498251473922581,-0.3515369560935769,-0.2386099922308814,-0.56070037573987
1948.5,-0.9553984495109886,-0.8011526930329919,-0.5726424889772008,-0.3644884615695435,-0.24642936570682236,-0.5836512825085487
1949.5,-0.9533818911951367,-0.794889343942798,-0.565528043130544,-0.3525588866405894,-0.22980257243567231,-0.5740229165070279
1950.5,-1.0355312858385834,-0.8583132103284028,-0.6069338952152169,-0.3733195917878571,-0.2296520000257293,-0.6152873628104569
1951.5,-0.9992267192081709,-0.8461319772972341,-0.6149604899722928,-0.3934091911963644,-0.26814180498633267,-0.6203710008400203
1952.5,-1.0301287100889167,-0.8707852013789087,-0.6301435817488555,-0.39818129774538324,-0.26467198457588675,-0.6353394084766883
1953.5,-1.0687404132072806,-0.8983423986394927,-0.6455990588109513,-0.4063907977896097,-0.2618690143092602,-0.6522033673276443
1954.5,-1.0851841112692249,-0.9139366809895291,-0.6586724106528301,-0.41697493641982397,-0.26995575138482214,-0.6652755497806575
1955.5,-1.141236635450122,-0.9652049079293952,-0.7011443949900542,-0.44511305521242495,-0.2935995964870699,-0.7062662915336737
1956.5,-1.2296585838480723,-1.0380523890339028,-0.7499938119562738,-0.4729773674728388,-0.3019464050235984,-0.7551634153567878
1957.5,-1.2806542548270492,-1.0814992616008794,-0.7754876815502606,-0.48432701491753766,-0.3004986355026546,-0.781550366006273
1958.5,-1.2347522726054807,-1.0551820231871365,-0.7765738073557403,-0.5000287677500195,-0.34119489401645275,-0.7784152344774057
1959.5,-1.2653027204246017,-1.0855593150713552,-0.8033195429593658,-0.522940012953885,-0.357749935232506,-0.8046751230591871
1960.5,-1.3141165162024742,-1.1298242404165417,-0.8399916308153902,-0.5503440723690204,-0.3747405772707143,-0.8406515018560008
1961.5,-1.3741569649754763,-1.1726265133823777,-0.8599365815273357,-0.5474420798807943,-0.36075223842853305,-0.8608068803106713
1962.5,-1.3762566119663915,-1.1818414770145345,-0.874667237794062,-0.5663453956984394,-0.376103166242784,-0.8740160183959653
1963.5,-1.4909199102922386,-1.2705450705195513,-0.9204307730298327,-0.5771055916117248,-0.35502202736381727,-0.9218980201196326
1964.5,-1.471097657174891,-1.2657589602663701,-0.9340217125809891,-0.6026384060586909,-0.3918004840146771,-0.9330724852931173
1965.5,-1.5152230109857971,-1.298442976432277,-0.9545620391703651,-0.6112294742903471,-0.3889990146995124,-0.952990885526894
1966.5,-1.535656389060114,-1.315684357696574,-0.9717300343903935,-0.6218984772867895,-0.391982723281558,-0.9685556678280944
1967.5,-1.573605010508238,-1.3431904381312194,-0.9854148166254322,-0.6250162787736123,-0.3873085950446335,-0.983112317535054
1968.5,-1.6020588814127965,-1.3718952679939354,-1.0119808101262067,-0.6468026284687288,-0.40492085127163174,-1.0085243782429474
1969.5,-1.634449428228478,-1.3996960641997331,-1.0363708724498029,-0.6667352474365458,-0.4242969553707261,-1.0332883402515147
1970.5,-1.736444128251768,-1.4834091605986406,-1.0954642935070484,-0.6989963316038965,-0.43271622241101493,-1.0906851629188472
1971.5,-1.735813198028182,-1.4868297162235509,-1.1018604941092602,-0.7080313790869568,-0.44709341317530077,-1.09719294224677
1972.5,-1.8347285376969058,-1.5630676561199741,-1.146994537357381,-0.7270596231511421,-0.4469977117409784,-1.1432875252648753
1973.5,-1.8376147675434065,-1.5779709182947337,-1.170460865930737,-0.7514757515974652,-0.47894820779327474,-1.1655737070265086
1974.5,-1.8162405475550263,-1.5603752386286824,-1.1640633516971592,-0.7518428388982191,-0.48836580448168343,-1.157071599914562
1975.5,-1.7814554824835604,-1.5331645218160785,-1.1498092315557265,-0.7499903516861313,-0.49429474087111275,-1.1429398417216485
1976.5,-1.8665692536147191,-1.609730938171167,-1.2037521988721458,-0.7835740565326421,-0.517270146421594,-1.19775416312403
1977.5,-1.8643603806282227,-1.6140705055407458,-1.2108829510322954,-0.7966592012087349,-0.5342958688109901,-1.2073738424181328
1978.5,-1.8805357178225106,-1.629006402511462,-1.22531679767752,-0.8110481261461084,-0.5538421433546238,-1.2216656592895905
1979.5,-1.9117013231874789,-1.655296394076139,-1.245701743554357,-0.8229473982194032,-0.5619791124532425,-1.2416534679729454
1980.5,-1.9111190755281888,-1.6514730579823156,-1.240627951284951,-0.8163324913612309,-0.5491779799299907,-1.2355131400695465
1981.5,-1.8511825418857724,-1.6018870975572022,-1.2037286049282008,-0.7942333680549426,-0.5389586979428699,-1.2000549292650131
1982.5,-1.9105785445558006,-1.6411902130494853,-1.2116940710067512,-0.7812639840245074,-0.5152738861972467,-1.210866647386518
1983.5,-1.78740404667423,-1.5470788346946864,-1.1628099444965212,-0.7704961517162437,-0.5290617126455781,-1.1619827201055541
1984.5,-1.815515994722652,-1.5703160859720162,-1.1841216818053089,-0.7864350726407151,-0.5427788986095115,-1.182137453219038
1985.5,-1.829153541764274,-1.5818392096816265,-1.1929489397302673,-0.7933950661970429,-0.5486303924267077,-1.1906983444704844
1986.5,-1.8319625155505563,-1.5836910569443108,-1.194892321169124,-0.7927836904166022,-0.5539369597937797,-1.1924234382052838
1987.5,-1.8824938259634532,-1.6237863127139505,-1.2236423450670117,-0.8126025199668726,-0.5647160099451127,-1.2209851759821246
1988.5,-1.895231172901889,-1.6383029177731436,-1.2318517338065953,-0.818720529715119,-0.574809344883039,-1.2311550169200811
1989.5,-1.8819854502556181,-1.6264230576414003,-1.2196368460399545,-0.8112818320752518,-0.5698360433540841,-1.2217470469053089
1990.5,-1.8913925496149455,-1.6366699938689624,-1.2282551707804155,-0.8172388199884704,-0.5746894231287508,-1.2292096237117565
1991.5,-2.105350635634543,-1.7677326442661994,-1.258236060104204,-0.7835323669214083,-0.4777850825478129,-1.2720793695793373
1992.5,-1.8265048490806048,-1.564760965621564,-1.1664823374744675,-0.7727397203546312,-0.5458937325117844,-1.1730184693122419
1993.5,-1.8318030852743026,-1.5670983447082891,-1.1659674431998641,-0.769251323948758,-0.5456298659226495,-1.1724947936336068
1994.5,-1.9431089963713895,-1.6417202009439233,-1.1866299823223423,-0.7569743966663576,-0.49305406306741784,-1.1981153001392049
1995.5,-1.8535411463864022,-1.5685328701055272,-1.1411248785642178,-0.7373810957756268,-0.5179719565271984,-1.1576271976574029
1996.5,-1.814731012936822,-1.528218418730782,-1.111704260712091,-0.7156058878829593,-0.49697941064030965,-1.1269043330474366
1997.5,-2.1305429189630862,-1.7309990237403343,-1.1868816457705635,-0.6938069432205031,-0.3632435998924636,-1.2064770997295287
1998.5,-2.0764991036103644,-1.6974914892318693,-1.1741335152973664,-0.6928657109514981,-0.3803083897951983,-1.191618177708771
1999.5,-1.750954425864236,-1.4837047580846123,-1.0751384193429996,-0.6988580947903776,-0.476980724321338,-1.0918370916395652
2000.5,-1.6936503115975023,-1.4340871834701516,-1.049217983953421,-0.678956711034999,-0.47541731084735517,-1.0601654493240147
2001.5,-1.7091284722518538,-1.4432684532007283,-1.052734379224545,-0.6789462394937159,-0.47080425572185036,-1.064451742074584
2002.5,-1.8249074257437374,-1.5291571441648086,-1.0968873362534417,-0.6865039350330125,-0.43399747525286364,-1.1084734047397553
2003.5,-1.874004501629051,-1.5761187775970344,-1.131612586964887,-0.7100426254137858,-0.4502532241338879,-1.1435612982366876
2004.5,-1.8515832471185467,-1.5715422754804313,-1.1459131122032458,-0.7491163875044554,-0.5187430757137017,-1.1626195167986473
2005.5,-1.9094905051740576,-1.6233955605356942,-1.1893842793091727,-0.7797313212300463,-0.5442812676148778,-1.2043578988606358
2006.5,-1.94681795286321,-1.6505258124690543,-1.2050032512698763,-0.7778826226416575,-0.528099212908763,-1.2157698425862944
2007.5,-1.9180240878247612,-1.6259409470725572,-1.1862104368003266,-0.7750807864045293,-0.5403398430198538,-1.2032732788329215
2008.5,-1.8577952065485883,-1.5715871059900357,-1.144884648758696,-0.739106879886004,-0.5188828764508606,-1.1600397096880992
2009.5,-1.7766080309384202,-1.4879320571562118,-1.0724750902486988,-0.6820914674936913,-0.46368220305240204,-1.0893274828478434
2010.5,-1.8254290686239785,-1.5147844860827082,-1.0748144376046984,-0.6724791928624704,-0.43905435302725765,-1.0956118374817554
2011.5,-1.7832338384186126,-1.4929583829763082,-1.0741009324357464,-0.6825255938860899,-0.4632369962090119,-1.0917850088034193
2012.5,-1.8074662057801252,-1.5075952325710569,-1.07864654823527,-0.6850084804096129,-0.44945109176439424,-1.0957964854844349
2013.5,-1.7212742814564168,-1.4310299813963192,-1.017301932981964,-0.6395097396726297,-0.41848206878681654,-1.0364544477340014
2014.5,-1.7260636303643324,-1.4279701430922653,-1.0108299803459382,-0.6294268325138314,-0.3967413546265121,-1.028557071138523
2015.5,-1.7506742779776212,-1.4278419721220792,-0.9866631098931365,-0.5841392372828256,-0.3312559505683199,-1.0052135529827844
2016.5,-1.5965100515894646,-1.314801187791124,-0.9162822457794089,-0.5574348446955476,-0.3535948236953814,-0.937368253011903
2017.5,-1.5801773802055992,-1.2943962521518568,-0.8925468098551366,-0.5363608874774948,-0.330990492615179,-0.9155607819650907
2018.5,-1.5430811874141606,-1.2647566399502956,-0.8744828166068904,-0.5275515080238079,-0.3251858257846094,-0.8962658196652045
2019.5,-1.7059357438996374,-1.3637136293351848,-0.9053376924864066,-0.5023281665302551,-0.2266390287830025,-0.927693431963914
2020.5,-1.4786825397164793,-1.179209790074019,-0.7801667873494658,-0.43883949828074154,-0.22462464705776236,-0.8052837664482092
2021.5,-1.6918765002312315,-1.31260748465273,-0.8368444914869347,-0.4300014903981517,-0.12498974711107995,-0.862016073448811
2022.5,-1.4256291878263607,-1.1452339440833652,-0.7637829399705885,-0.4336857188290816,-0.23627451687613674,-0.7895371279656865
2023.5,-2.1345757082890735,-1.5492167053933856,-0.9048293900148202,-0.3468321311038677,0.18776611614552044,-0.9294557629461329
2024.5,-1.8047910647421506,-1.378634055352799,-0.8595021799811535,-0.41593019892959554,-0.0739484149911599,-0.8859775616909635
2025.5,-1.444196897646942,-1.1607838972047937,-0.7813421916275423,-0.4496524877810953,-0.24266326887948234,-0.8026667851579428
