year,CanESM5,CNRM-CM6-1,E3SM,GFDL-CM4,GFDL-ESM4,GISS-E2-1-G,HadGEM3-GC31-LL,IPSL-CM6A-LR,MIROC6,MRI-ESM2-0,NorESM2-LM,UKESM1-0-LL
1750,0.1244088479473139,0.09476442118507875,0.15008666416393554,0.03919319136265846,0.09879004060568598,0.20797239799754336,0.06376185547226665,0.016942269638733087,0.11585001885038346,0.07132703378245832,0.04594223356279396,0.055457443293384555
1751,0.13439199421105272,0.10142864202310968,0.1618925566798693,0.04193812892927624,0.10866837953460978,0.2291190914078554,0.06752857564643831,0.016773975011527123,0.12595072056046167,0.07642638270201937,0.04819665854469751,0.057081307098270355
1752,0.14025542270751665,0.10498133735601883,0.16879339893347836,0.043624256481059435,0.11504092617326232,0.24237838896730424,0.06964992987801397,0.016284320587776072,0.13201295525935092,0.07937238240559968,0.04927338727544549,0.05787282070347372
1753,0.1345793192674552,0.10158842390307336,0.16213071693934408,0.0419731289184432,0.10885219195074156,0.22954877299007598,0.06757645321978753,0.016780486047555745,0.1261586058090736,0.07652163716080113,0.04823675411685021,0.05705121287306634
1754,0.12005198594984563,0.09239405790310887,0.14495941067194615,0.03779119380660705,0.09371611409079278,0.19796267667238185,0.06206513922400385,0.01751129714723813,0.11133307999088891,0.06909715656429358,0.04519897689687408,0.054580770675338404
1755,0.12758004899597641,0.09637065062922137,0.15390680749287383,0.040215014605179525,0.1029869632741483,0.21608130086600447,0.06483745737457852,0.016251101756606087,0.1193483482593287,0.07293216334805534,0.0462832481057151,0.05571048271234328
1756,0.1339595417854182,0.10145564752930596,0.1614486512983085,0.04170398540154146,0.107934016264086,0.22794079516881222,0.06730192564875756,0.017013440592308512,0.12551824320639007,0.07621505855401309,0.04820327129143529,0.0568172781239666
1757,0.11397113379466534,0.08638277825691694,0.13772784405354022,0.036640828793725336,0.09096559608312096,0.1894160842121933,0.05944208205038298,0.015486903618440864,0.10591904985940667,0.06584424165079727,0.04256756717659944,0.053017340811531276
1758,0.12126426998656853,0.09183414429291956,0.14647948684383366,0.03852982243747723,0.09746519016818538,0.20381704522985883,0.06228687972179356,0.015908046808802874,0.11318980554870572,0.06966313139520389,0.044556612543677404,0.054314501221084735
1759,0.11926396995191613,0.09094853845205561,0.1440315631201558,0.037845441004262265,0.09449891973605089,0.1982838050569854,0.06164978375949424,0.016525520248143293,0.11088474606504625,0.06864902197213336,0.044448693114299345,0.05425435030418968
1760,0.1101600171054393,0.08548800654509284,0.13307369861597795,0.035066862237564646,0.08406431977912024,0.17743355444872588,0.05823880201312718,0.017463513018574826,0.10129140491032612,0.0639249432439078,0.04278679159227036,0.0528644123648756
1761,0.11442134560666932,0.087223674325105,0.138313489553556,0.03659474787433349,0.09066635467028497,0.18949304513909865,0.059613697516341914,0.01598603899536402,0.10626072360297237,0.0661018145023257,0.04294265256061412,0.053032227144046776
1762,0.12114026856589515,0.09284363611509973,0.1462949616058979,0.03817148433061546,0.09539735236901214,0.20106683966485037,0.06240135333305593,0.01713406887326797,0.1126063770537633,0.06964666492840726,0.04523219835429804,0.054590983117454535
1763,0.12084640947726054,0.09240696009270624,0.1460138625226446,0.038143282525331085,0.09572864761210734,0.20134394029989525,0.06216746826621002,0.016776151632962276,0.11251483539508103,0.06948105957556266,0.04493314513335126,0.05425757824339128
1764,0.14257382899722643,0.10582030106580811,0.17166558443623903,0.044420643940453,0.1189802778040375,0.2496713260936925,0.07022064580144943,0.015258884972954705,0.13487123355547107,0.08050335927994494,0.04917113056586114,0.05756752904468939
1765,0.11507819989093529,0.08838233722716694,0.1390804394570135,0.03657103218443798,0.09006106573369319,0.18925344727875304,0.05997637743421549,0.016775102622214055,0.10663303246769262,0.06647814248165226,0.04355711088275783,0.05334722046699036
1766,0.12679196454763358,0.09537758525320367,0.1531868042989324,0.04008168009868034,0.10367922966319609,0.2166206456213337,0.06419337595849674,0.015436000628795516,0.11909122323685904,0.0724984434633564,0.04555486776620529,0.05475154807924409
1767,0.12531584805412477,0.09447375500100991,0.15139901090748178,0.03965642857082398,0.10195487339321738,0.2131136406225164,0.06369061781994445,0.01560593565849408,0.11750197623839856,0.07174527770614433,0.04531438486122938,0.05464445216737161
1768,0.10004477686820462,0.0769201925762791,0.12098844210571556,0.03259485284280473,0.0771358122431295,0.16068513333278278,0.05380193493581184,0.015545946663373772,0.09184020429988898,0.05846933149246521,0.03912825098884569,0.05001821303909868
1769,0.11232529625409095,0.08616925530269615,0.135959935101063,0.03584423833027516,0.08847996857255153,0.18525189028509287,0.05860770212906973,0.01615400690491419,0.10427650807105059,0.06501222470500068,0.042464899273946026,0.05213209457627647
1770,0.11191240267785317,0.08586168427077687,0.1355006511280068,0.03572476132958808,0.08823158645911752,0.1846541788092093,0.05839137115593557,0.016072605853541387,0.10393023700582729,0.06479244258859612,0.042303745670716736,0.05191968526720896
1771,0.12863459764570223,0.09685581197080029,0.1552505537651557,0.0405476456403574,0.10470685562083534,0.21931870722742453,0.06508284410363764,0.015852800378905938,0.12066033521232031,0.07345860908923094,0.04627136484571254,0.05551609744668984
1772,0.1366450045855575,0.10183584735171237,0.1646847897265957,0.04285151486892361,0.11315598211376576,0.2369644089762268,0.06807431366200234,0.015358794326438848,0.12885739785942701,0.0775200961025993,0.047874226141634925,0.05679373843053677
1773,0.13323385962447754,0.09972277838761283,0.16065048622353323,0.04188068077646155,0.1094772584195237,0.22928762597058236,0.0668424298569972,0.01561319472832706,0.12532445939341746,0.07579793833820787,0.04723003480205176,0.05635002084570569
1774,0.1075919365587076,0.08257201091734481,0.13003716218911518,0.034663398899958266,0.08363462431877769,0.17486892030531723,0.057007439399129375,0.01614447508990526,0.09920561389977547,0.06251241777562722,0.04138242320315235,0.05194794251746111
1775,0.11823569279292277,0.08859002169872182,0.1428490805463302,0.038049201330667456,0.09640642045844096,0.19986842118036807,0.06101293024748367,0.014686837308836262,0.11052320107759003,0.06804028224145595,0.04314427795537396,0.05363892835230197
1776,0.12669040779044352,0.09519056159131886,0.15295626709086818,0.04012067746076613,0.1034176289683391,0.21601220083639228,0.06429817433347788,0.015481648468710259,0.1188379598323852,0.07244732733622658,0.04559991147153809,0.055110426333958365
1777,0.11478820149001037,0.08554290684587965,0.13874650692100074,0.03728222738057024,0.09424410214784788,0.19428409205121516,0.059554765558074596,0.013922426263516552,0.10732544281727954,0.06620718045707216,0.04186482653795341,0.05279204885656578
1778,0.1061385185544727,0.07931641526295277,0.1283114065638499,0.034908380800205585,0.0860779294017287,0.1768224457716227,0.05611742241820194,0.013671840942497286,0.09861304979992867,0.061631213074539795,0.03960101341896144,0.05111814800480906
1779,0.11674124552588393,0.08717986698032644,0.14104566053579812,0.037752461706568284,0.09553415591864485,0.19748094669312147,0.06041020115589041,0.01430075214942534,0.10912360016095922,0.06724444373781549,0.042569972782583905,0.05335462849575187
1780,0.10227276167413889,0.07769591847282017,0.12348355434803188,0.033522919200146106,0.07997820309041734,0.1657533799593543,0.054894814425317025,0.015036679224163414,0.09403479033950427,0.059631582400279964,0.03947261799891488,0.05105611411964452
1781,0.10954692109764555,0.08164824723980083,0.1324659651585624,0.035878421766733774,0.08962284735976689,0.18414726434236048,0.057420189816351996,0.013585888310687704,0.1021527001071806,0.06343431622308049,0.040380434497698944,0.05165292889302554
1782,0.11347691566723084,0.08540003448270188,0.1371553773641989,0.036689451896186956,0.09162414313004236,0.18986394904864357,0.0591475749552891,0.01476537090528671,0.10568908232244785,0.0655547559568952,0.042029786545909734,0.052738167495201556
1783,0.11731161322997198,0.08802544028693256,0.14181944354664916,0.03774960233205299,0.09563016686159184,0.19823605132228733,0.06055464037277746,0.014645667030196022,0.10969463408462768,0.06755769516355108,0.04286825936220477,0.0532129578106785
1784,0.1315154262564727,0.09611400423763025,0.15875002667851465,0.042140693686844324,0.11228832790742369,0.2314422674069766,0.06579702907267848,0.012829541908758325,0.12468152704694424,0.07482350691778392,0.04522039493862605,0.055307434745819055
1785,0.11257646974293614,0.0846251318533362,0.13610792770442112,0.03647272612704312,0.09110818373321611,0.18851883409292225,0.05872788437497316,0.014546758582277882,0.10489240694326249,0.06507297129984178,0.041672556777346506,0.05241838134863167
1786,0.12209233585605424,0.09013934236422474,0.14765306816342674,0.039397628768280506,0.10265804647332696,0.21133210629189686,0.062115478159355815,0.01320147568416255,0.11516702311361134,0.06998756059280659,0.04315662714536758,0.05344989094509919
1787,0.11281826744203642,0.0836808171766005,0.13652594703546458,0.036839564239869095,0.09362457640968189,0.19209370660685388,0.05852089917606444,0.01315636136590634,0.10576592266374915,0.06514258973311833,0.04089346102140367,0.051816016122061166
1788,0.08931827231016354,0.06689818433351949,0.1077436303032479,0.030218346335731956,0.07020893809290876,0.1433160214974771,0.04925574474323673,0.012983204441726327,0.08160374202544451,0.052541063801935746,0.03497759257723129,0.0476058680560336
1789,0.10198642738699976,0.0765621698806322,0.12338424073725912,0.0336482405079221,0.08207478609551853,0.16856516016387046,0.05431988474573569,0.013643588243886066,0.09452097607145597,0.05941945741993858,0.03851093386215563,0.04993281219187551
1790,0.09989429068147562,0.07491855818822084,0.12081247327941079,0.0331055244821554,0.08021174405829623,0.1644892614865703,0.05348970144553884,0.013481153376083549,0.09240923771767028,0.05829064313707319,0.037903759556087394,0.049561018324921505
1791,0.11604098608520431,0.08616733192264407,0.14052925270726235,0.03762862436627859,0.09678522947686186,0.1989912476180864,0.059629208101538884,0.013233572887544225,0.10916924407259354,0.06683855156953161,0.04167154579986304,0.051993511153382466
1792,0.12226317207614383,0.09012050809216379,0.1480428307775962,0.039435111782244195,0.103657843662506,0.21304570621783483,0.061907153484048266,0.012767939281357922,0.11571363228682832,0.07006087682066858,0.042880615971326114,0.05279860393656095
1793,0.1212819038468945,0.09007299066691343,0.1468378191372613,0.03898287830622693,0.10154223846777474,0.2094963797632923,0.061640893379188946,0.013491243747519453,0.11443547573686846,0.0695802356058425,0.0430666770194138,0.05284566315890907
1794,0.09554123365921868,0.07275962700706937,0.11563975771308807,0.031545335695305966,0.07480445657024049,0.15437412434438372,0.05164913517473482,0.014218475688783944,0.08786682676885993,0.05598812562799463,0.03717960896447525,0.04836625172583307
1795,0.1058605941527151,0.07898874273814402,0.12825280929255228,0.0347934746298037,0.08693038181587417,0.1781080820339912,0.05560582994452472,0.013098326776581737,0.09886114527169591,0.06146352582364768,0.03910031668832517,0.05005966292622054
1796,0.11561025190834352,0.08707965752315197,0.1400757020372097,0.03712598646122802,0.09454163898416844,0.1959156385026089,0.05950477427294956,0.014432980519590749,0.10840201273672188,0.06666408852105307,0.042222214156661456,0.05189712939690851
1797,0.10340378338956724,0.07707811902628371,0.12537149414766105,0.03412284260501031,0.08514351770224492,0.17400491636624094,0.054463700805061535,0.012727362256197168,0.09660135684725113,0.060140200465757424,0.03824111894522343,0.04918915092771396
1798,0.09613499472928909,0.07197905159175692,0.11656185834720514,0.03201361739889079,0.07806072624236257,0.15928324263442178,0.051462794393790916,0.012619818226027453,0.0892635972504901,0.05623562903694568,0.036337930317776615,0.04753876977312457
1799,0.09964378789193963,0.07543120553249343,0.12086907610582726,0.03273403950419461,0.07997189976463495,0.16452855483422746,0.05297837938462106,0.013669396495568899,0.09252001873710952,0.0581748183950266,0.03781504663070738,0.04838947451644273
1800,0.09197399998719515,0.07078327204623822,0.11152280521386132,0.030281853749535396,0.07113783785909204,0.14727824216361024,0.04991979547260269,0.01439592285762745,0.08444701502783057,0.054074780865555394,0.036285163370679885,0.04685680660731065
1801,0.09826044270748496,0.07401542967937058,0.11927628237496803,0.03243970880188628,0.07964884169583769,0.16315870058889884,0.052233382437199105,0.013036951488757843,0.0914358513722591,0.05740415859453271,0.03707008302167501,0.047684137131421216
1802,0.09721846074234648,0.0745061757134132,0.11827498578779372,0.03170852665319913,0.07741784483243017,0.15989489878307786,0.05159870426766798,0.013942257757153697,0.09037786069588928,0.05689505926883767,0.03722835890807083,0.04679116369306916
1803,0.106610171112998,0.08085827519709628,0.12963826520927077,0.034477335132854454,0.08695573171174473,0.17950151187952712,0.05540432994769447,0.013817183277479793,0.0999533459257896,0.06190433490087156,0.03951627145854551,0.0487887732812912
1804,0.11172381980711288,0.08264427489624648,0.13595091283319358,0.036412475394032015,0.09542714198728433,0.19464942048008405,0.05702697065297851,0.011709791712781996,0.10604665164086147,0.0645169162395101,0.039520839893025114,0.04894287253391783
1805,0.0965284508665247,0.07340534729772226,0.11738981693386524,0.03169980406772864,0.07763252816432809,0.15955928989875873,0.05129732731464819,0.013336434537058385,0.08983071748239477,0.05649293343928896,0.03672202769697444,0.04666337351353949
1806,0.10132926062139871,0.07558849428179225,0.1233560536124762,0.03340201508198162,0.08478759068317765,0.17265679867758751,0.05292798741649062,0.01189953310076212,0.09537449063517747,0.05900513777885641,0.03706097825551821,0.04699349734170079
1807,0.09493393906190753,0.07115710921745327,0.11559163232750252,0.03152318564868906,0.07843513848696697,0.15955277653084043,0.05029198486657646,0.011872978056150892,0.0888856199064057,0.05556489094024985,0.035421301394844354,0.04555276187518064
1808,0.07299465922790184,0.05482560619876531,0.08804913344816609,0.025300153731064867,0.05617140821629625,0.11390051766681247,0.041588674710157855,0.011524995685003148,0.06591914302938384,0.043467168766025986,0.029677326498519084,0.04183168504433103
1809,0.08349458713537837,0.06325281855019123,0.10130306634782213,0.02815379839876047,0.06591299958359739,0.1344363601174294,0.04589169278507106,0.012331137670516485,0.07671614202925489,0.049343937923917176,0.032830792312892376,0.043845018269949194
1810,0.0802576038932661,0.060776783248802826,0.09729431399177413,0.02723323203972213,0.06292908881264989,0.12818656570546316,0.044508784483457006,0.012115142780863277,0.07345528327537625,0.04754742543414367,0.03186239693084826,0.04305712600923156
1811,0.09201560056879772,0.06885887531580645,0.1120717395828214,0.03072473428532622,0.07610240941402369,0.15438060626586086,0.04898834110965039,0.011507418376199667,0.08608682531390502,0.053967234033268724,0.034448066786305215,0.04468088440803001
1812,0.10127102671706377,0.07534979353221942,0.12356267665841969,0.03336843055322779,0.0859630329112402,0.17452565664771297,0.05249728342736478,0.0112585168527895,0.09586829606379799,0.058950737576584596,0.03657602140384547,0.045971042366437107
1813,0.09639879808907886,0.07246850337400496,0.11757101193670144,0.031817081925852086,0.08003312967362262,0.16302083553444208,0.050667216093019926,0.01189687578222418,0.09060176951177232,0.05636241024259386,0.03573671538160982,0.04526672623378525
1814,0.07262375711522034,0.05592084175292583,0.08795784371853044,0.024710415840043663,0.05466000211804044,0.11215120743085276,0.04114455622115456,0.012452529920900656,0.0656361777979314,0.043330471792114765,0.029993003246030752,0.04084774005982731
1815,0.08058890075267462,0.060615173996019414,0.09802977803783411,0.02735886481591012,0.0649901791999917,0.13152799604501586,0.044147903695211134,0.011186664593553242,0.0745044326555333,0.04769269479410451,0.031293722148459116,0.041909982866690815
1816,0.08350020630879994,0.06382245946196624,0.10190074028647872,0.027837569643882294,0.0668623917708071,0.13647439399820208,0.045173197925429835,0.012046556106862564,0.07751525987855401,0.04935430808948989,0.032456619516883334,0.041948176124330855
1817,0.07863549715480583,0.05911565344997157,0.09587088158492889,0.026730520004761702,0.06404557076270548,0.12922401903171296,0.042948900169891266,0.01064708360487871,0.07298880877479715,0.046592806299519555,0.030374620912480887,0.040512947337798845
1818,0.06658601480259664,0.05011777935088038,0.08067402588672848,0.023187010102706716,0.05187350186500932,0.10460560925837795,0.03793799862728416,0.010351346365510434,0.060445545353721895,0.0398287234981953,0.027052744187800744,0.03798402866425566
1819,0.07342534027076007,0.05575340074914259,0.08930653797000766,0.025069537046384212,0.057869073837358426,0.11733795187046175,0.04089935684118242,0.011114136133581854,0.067345864833615,0.043717204075665414,0.02930129154296255,0.039639419685095004
1820,0.06294924267067208,0.04889875940517008,0.07601969094974967,0.021694909610055525,0.04545796046043728,0.09361583522799041,0.03670227372492787,0.011982898885556134,0.05598856148995541,0.03786570860338968,0.027060264493916006,0.03775661205386497
1821,0.0661566570337758,0.05000446102173497,0.08016422080895154,0.02299255455161508,0.05119034067560496,0.10345222695026901,0.03774499729812064,0.010518051202905198,0.059973919685546107,0.039597791703745874,0.027025271881199346,0.03783326466078832
1822,0.06846771853716899,0.05312954408154348,0.08320448342980354,0.023266748538993735,0.05150844421311604,0.10566579417113622,0.03879437033111359,0.011943243924057954,0.06202549254697084,0.04099211057120192,0.028434392071439753,0.038360550081866444
1823,0.07722559434704615,0.059250061950119594,0.09447750559425654,0.025889380273230494,0.06182104249351536,0.12579183475724237,0.04204186690447935,0.011338421553586088,0.07170606707226243,0.045864665734829634,0.030281816233683756,0.03925470576144443
1824,0.07885104689434805,0.05852600094029903,0.09657943869852066,0.0268878267222932,0.06695461025578407,0.13372975448379185,0.04232962982464153,0.009160989982344955,0.07425148607244704,0.04664810546728684,0.029409734374766662,0.038850843477318285
1825,0.0668135245774407,0.05114919316488611,0.0814582423238289,0.0228882832798055,0.052221155858945885,0.10583805803066187,0.037510441140434427,0.010553981773328207,0.06118377567722434,0.0399943634173348,0.027062657825960984,0.03659728681835764
1826,0.07322596974212667,0.054849857779628364,0.08960626061175234,0.02507579910583964,0.06073338612702332,0.12161819752509599,0.03995383879810228,0.00943964941116819,0.06837135468422641,0.04353457092375535,0.028077998726888303,0.03750010094696207
1827,0.0662074722870771,0.04951203267129258,0.08090538839597611,0.022975966616308158,0.05432819678085067,0.10841506829066032,0.03677007148216696,0.008904837438428351,0.06138421396873595,0.039563914467855864,0.025858797543817338,0.0353808742774052
1828,0.04263383870286981,0.03172645828050814,0.050387075034280325,0.01581389199528435,0.029029385330229536,0.05882913848582135,0.026972800934328155,0.008748432368859768,0.03615159335523075,0.025961581368793042,0.019461698969134127,0.030782996050547212
1829,0.052405925152791896,0.03977835071419223,0.06321470561383133,0.01863213653251956,0.03879465987021533,0.07839981770498008,0.03108323484707968,0.009392113716926501,0.046544288200131026,0.03170403697478641,0.022463856704918815,0.03267617415917972
1830,0.04516258099647026,0.03461284296766821,0.0549262031980036,0.016029461736661275,0.03405006533803405,0.06848234494341815,0.02660069129245099,0.00798437483838516,0.040546266961867514,0.027472617335160543,0.019297184371643197,0.027515671654478453
1831,0.06062749459221748,0.04582808330810327,0.074796077685227,0.020904280685371646,0.05092647531188384,0.10122065518895473,0.033172801390538006,0.007827356140942267,0.057018630072547136,0.03638209841170334,0.023403418652683805,0.030950569443961955
1832,0.06517862204367171,0.04886357979201073,0.08070634950757394,0.022344998118263886,0.05662552172598778,0.11204597322382633,0.034873110387464434,0.007333704903533328,0.06213699028491376,0.038943675949770246,0.024284292055649404,0.03143530364713022
1833,0.06064829337342224,0.04615385550549892,0.07500426127465594,0.020778962254741802,0.050997425275119884,0.10154871713752255,0.032992140574179436,0.007895788323980813,0.0572242256663967,0.036408108507803225,0.023388186225667,0.03043699171871876
1834,0.04024394579779312,0.031258248831128724,0.04856683652467435,0.014379212518658651,0.0282678218379138,0.05764249682266795,0.024489926675441177,0.008268081328355811,0.03521732335865952,0.02461287609961286,0.018097842908285595,0.02637807321952068
1835,0.04937631284224365,0.03696521991493969,0.06060373717981762,0.017502223019922578,0.04067049478002484,0.08028022527673731,0.027966989396862672,0.006789479317562973,0.04573213931894446,0.02985933560055614,0.019665830273673156,0.027451958056674053
1836,0.04527747756725787,0.03493428457471855,0.05603343772247677,0.015757052387552765,0.036831606156650515,0.07328455240036422,0.0254291265377991,0.006801824085284328,0.04218094552703243,0.02752238178198735,0.018312059498785466,0.024421995885080226
1837,0.041072390922457444,0.030389982435584505,0.050453274227873254,0.01482390607662716,0.03433324654358423,0.0670647997720294,0.023499422306823062,0.0053883422063524845,0.03806507253357978,0.024956045749110565,0.016344374196581444,0.023352361552456728
1838,0.03073979347957623,0.022280525950727083,0.03700540233336553,0.011572162058151186,0.023868022747426876,0.04662801663432993,0.018806155969978863,0.004831392553152021,0.02724954015692416,0.01880107564660212,0.013091342974816811,0.020500904613183678
1839,0.034921265491800024,0.026231177069616453,0.04277089201046298,0.012648287732082458,0.027949186252905725,0.05498855436446534,0.02044604945389353,0.005339231268867893,0.031872730167132594,0.02134621693052718,0.014487932925967579,0.020899874135982384
1840,0.03175645015657974,0.025027492462005287,0.03899588166090664,0.011229181091407185,0.02362113553103437,0.047611290464585725,0.01880226200464252,0.006083246489861298,0.028611101512985047,0.019546824078176463,0.01392781710725766,0.01933710661529051
1841,0.025244744639453805,0.01854680215377783,0.030479195312128723,0.009489086881526077,0.019354270432759564,0.037908506458818096,0.015516756443729896,0.004193781176514616,0.0223506249482921,0.015515866919750099,0.010920249594854846,0.016930951485798488
1842,0.029508686636914905,0.023621808722367885,0.03667593170030525,0.010265884053562678,0.0226651593170783,0.04555926835746446,0.017042871885243796,0.0054441487616080425,0.02712934329799857,0.0182081002091184,0.01270955881766882,0.016812185358971412
1843,0.04124286665328415,0.0327749144431822,0.05250019308053519,0.013820595987255263,0.0364348641582108,0.07194269695437033,0.021605292558633356,0.005164923977607909,0.040381316343204215,0.02516465058862307,0.01567131381951472,0.018133823653611603
1844,0.040567592890966,0.030673313210234917,0.052180328421958556,0.013880147167497752,0.04025720495314007,0.07714429027447696,0.020273037156470445,0.002532869280713976,0.04124704031667078,0.024625266833759343,0.01372978845203604,0.015573936986031097
1845,0.024728546911627295,0.020074384695966802,0.03198798226857882,0.00828186831294388,0.02240728059476397,0.04381817301093825,0.012841293158526643,0.0030719481761787007,0.024631574718572063,0.015294661459222161,0.009417901522883203,0.010384028370157176
1846,0.031219362987158158,0.023884196139537243,0.04059018463738191,0.010660112234230844,0.03165212475455209,0.060289534225811396,0.015414308951642077,0.0017940777176404185,0.03217296791757332,0.019088689166635447,0.010471316204065747,0.011377939057809965
1847,0.01762088826742864,0.013147386698509872,0.022969302999570167,0.006217241229553024,0.018452301861924442,0.03452727959713632,0.008817579671609033,0.0006969526657657275,0.018251729640843924,0.01085097916227529,0.005811296928645885,0.006679786469953357
1848,-7.627652193918123e-05,-0.0007258946072725626,-0.0010716757776047447,0.0003723726277819212,-0.0019770613750177105,-0.003525241927730388,0.001042013464090526,0.0006767652720037658,-0.0013848216297294908,-8.392487127974982e-05,0.0006737015531706742,0.0027774046898105032
1849,0.006022483857262136,0.0045771896252319935,0.0077983562369211175,0.002155229992057496,0.005942148174732697,0.01117292652978522,0.0031743346818561623,0.00045377865269803186,0.006075582734826425,0.0037486354409264873,0.002164912878661602,0.0026502254894092536
1850,0.0,0.0,0.0,0.0,0.0,0.0,0.0,0.0,0.0,0.0,0.0,0.0
1851,0.015582054599737532,0.012017683866744124,0.021462036544201014,0.005129934436888127,0.01926309319999233,0.035512904509100204,0.006434198662027393,-0.0006396207493199275,0.017858726652860615,0.009608323726415388,0.004041862825961265,0.002430995723198314
1852,0.022503834055628863,0.017382969988761574,0.0312324851065656,0.007253204300081703,0.028655492123248402,0.05290725873088843,0.00880711683245632,-0.001351897115797216,0.02627867466216382,0.013798417530930442,0.005430464599146875,0.002352767707706233
1853,0.015557830999691808,0.01222506160222326,0.022304708808870456,0.004846673613705113,0.021621003243621987,0.039482221890633495,0.005344900030376722,-0.0016915068395441523,0.019185006822920094,0.009586271597097563,0.00313055620548319,-0.00029701658349370386
1854,-0.010877295328023307,-0.007934032331827929,-0.012110355915785414,-0.004552312926907646,-0.004950352817715326,-0.010562287577485067,-0.008338469770558233,-0.0034731356796346233,-0.007790240495238554,-0.006869825580189823,-0.006190955329117751,-0.011272269588360952
1855,-0.00048465728356911745,-0.0005684686879362959,0.0024357567866895684,-0.0008834064707704866,0.009578415372868913,0.015263420095987069,-0.004203460759584162,-0.004821746967887079,0.004626714970897483,-0.0004074406623204008,-0.004005030652366846,-0.010027389369299141
1856,-0.001390241219715153,0.00036667891024561104,0.0021963265544267933,-0.0018293856577123856,0.008779803247933942,0.01453071063139278,-0.005493880625247732,-0.004424586471643798,0.004549007752436338,-0.0008457578005585666,-0.004317646459384081,-0.01266863415548313
1857,-0.01261365346676917,-0.010144405183845438,-0.013323584986535271,-0.005245289719561898,-0.0017815165328891737,-0.006311908947781716,-0.010825471781177728,-0.006189690650722831,-0.007438302900752159,-0.008087781203095926,-0.008729378699797036,-0.01579053016260937
1858,-0.01911458810821036,-0.015451661192842749,-0.022182028212171745,-0.007509918679138111,-0.008770268668303664,-0.01926610804727683,-0.014031423439962908,-0.006589747961354216,-0.014428560627998875,-0.012267142108890124,-0.010995824745562243,-0.01796106922111235
1859,-0.020623658661035035,-0.015316878175945636,-0.02315900753195548,-0.00861703160615013,-0.009408738004819513,-0.020089625694049672,-0.01579615006403059,-0.006707278169011855,-0.01489017969311352,-0.0131278343879675,-0.011840302446215206,-0.021189161564186865
1860,-0.026514254430787903,-0.018431361567488175,-0.029769026602003326,-0.011440623157573042,-0.01423560357192855,-0.02862365942130073,-0.02012055156826518,-0.007249313119803797,-0.019628515368058822,-0.01680709645661728,-0.014429466118715602,-0.026882871850155306
1861,-0.026115121496400842,-0.019214931814591912,-0.028456067223292837,-0.01123170820600244,-0.009414542985289653,-0.021303333404939923,-0.02115825626259235,-0.009637490202295023,-0.017465185392629964,-0.016681711781563295,-0.016001837359883097,-0.029625824628987763
1862,-0.025736845748115057,-0.01762513848289666,-0.027651919956994314,-0.011456738940770678,-0.010381564670073574,-0.02218941521526526,-0.020998817955597802,-0.008555605962916364,-0.017158047557489776,-0.016307858778124688,-0.015285433826495356,-0.029756877128293602
1863,-0.018927472360059754,-0.01183981125083411,-0.016719580580547698,-0.009505591711213072,0.001720217831904138,-0.0008302576245134549,-0.019603326531838,-0.010288796372086295,-0.007263027190539603,-0.011920694279173515,-0.014680043967288364,-0.03234776832155442
1864,-0.022581649038305958,-0.015918477249675603,-0.02054355462679808,-0.010816925890883223,0.0033861559350635588,0.0003350546876998983,-0.023131461700721976,-0.013489637535457486,-0.00883191935401279,-0.014418336213225946,-0.018132483528872808,-0.03761625670925445
1865,-0.0425815945583696,-0.031130132854371585,-0.047841557088678315,-0.01834506558737924,-0.019868267286302956,-0.04154330536234424,-0.03321270050635639,-0.013690672288509068,-0.03063084001126123,-0.02742089984529252,-0.02471564813014485,-0.044789097409612774
1866,-0.03664905286104004,-0.026507586671850374,-0.03841098582142811,-0.016410201349728946,-0.009034833084815543,-0.022902986936981836,-0.031752340274389355,-0.015412747299627988,-0.022106821078421497,-0.023542939001763467,-0.024198197837265487,-0.04642529742956734
1867,-0.05192947378168307,-0.038586138938308846,-0.05866500830677034,-0.022392842656951507,-0.023861393239164714,-0.05011267407012723,-0.04066458979252523,-0.01718204524228162,-0.03740302266250463,-0.03369612634096909,-0.03055744198387424,-0.05465836781376046
1868,-0.0690937312908653,-0.053206608412057294,-0.08322916986130867,-0.028775170873773608,-0.043912403908067,-0.0858324281461516,-0.0493513184962491,-0.018090781158561678,-0.05669365754202015,-0.0454526871157811,-0.036813185679195316,-0.06035487877331478
1869,-0.061420635834258254,-0.045200683427728004,-0.06980743965818043,-0.026756988783589467,-0.030015157187464885,-0.061671618737794254,-0.04792177184260153,-0.01947094385766967,-0.04488651061314289,-0.040025746742842656,-0.03572612911467186,-0.06398459011704469
1870,-0.07387085233498955,-0.05575041965963472,-0.08746365538693447,-0.031522318197295555,-0.04405647497129164,-0.08667910688348719,-0.05455209871394315,-0.020388445262655652,-0.05857200666598089,-0.04862204049201299,-0.04053976131758811,-0.06886782990816258
1871,-0.0640571729653159,-0.04673119535148215,-0.07083711386857573,-0.02852942079498886,-0.025803480229204555,-0.05545009425428307,-0.05236795519997404,-0.022770473439293296,-0.04379465962883234,-0.04179271827785347,-0.039382894883664185,-0.07243572646294036
1872,-0.05974953272175431,-0.041291560654231486,-0.06111374304368825,-0.02813887893871004,-0.012798772670478744,-0.03310972961413305,-0.05401981325158659,-0.025671737163744178,-0.03403782525806278,-0.038697545091289885,-0.04069864063551483,-0.08039452669462688
1873,-0.08107142887893981,-0.058572351758966544,-0.09046461317276319,-0.036670305679530904,-0.035545604339433816,-0.07398978877224148,-0.06614509134952729,-0.02757810459001537,-0.05649648062986759,-0.053338236593229046,-0.049378910232040885,-0.0906702027317832
1874,-0.08826417518435846,-0.06537115711840011,-0.10281807953798845,-0.038910147628997915,-0.048959021974250096,-0.09681509080475867,-0.06783161886591645,-0.025942723445479102,-0.0673871437717793,-0.05846869192711057,-0.05035722968787405,-0.08822446290010057
1875,-0.07832652344685309,-0.055917431075179026,-0.08520806052565134,-0.03597161294147434,-0.0288184849287129,-0.06267246235678237,-0.06616947366989537,-0.028939951743479027,-0.05148215631730167,-0.05139632150582516,-0.04962425558949116,-0.09317355845721892
1876,-0.08730329464816622,-0.06204470244178818,-0.09758142718831736,-0.03990403500692917,-0.040388685950554566,-0.08241805669566346,-0.07111686991933001,-0.028480814464291584,-0.06138683969518167,-0.05751031819420259,-0.052557409619805505,-0.09723296500994177
1877,-0.09264715556093085,-0.06746078004929051,-0.10445903302685772,-0.042046642318746066,-0.042509700368466755,-0.08728203812777083,-0.07524404173753706,-0.03104942655806835,-0.0656526568564141,-0.06141822832573406,-0.05628223434178373,-0.10213661388793183
1878,-0.09732537850129121,-0.0718585436253901,-0.11125495184595473,-0.04384260847066242,-0.04736627088843781,-0.09604436988172765,-0.07788959868563441,-0.031800991721763316,-0.07074378577513796,-0.06481044903146065,-0.058420557111103937,-0.1041891607465383
1879,-0.11046260591419178,-0.08111605282600587,-0.12828444075905618,-0.05006537477941443,-0.06010514092412283,-0.11809070445077645,-0.0869797344373602,-0.033318088519835865,-0.0831437836378404,-0.07404523769518521,-0.06460546033596275,-0.11425731840873407
1880,-0.11742383801885298,-0.08345326878662081,-0.13313302422871262,-0.054827830356974326,-0.05854946442792504,-0.11616273668835893,-0.09590262881804665,-0.03709651477058811,-0.08435189340258445,-0.07865953127937073,-0.07078501932882168,-0.12948223968500588
1881,-0.12177747329952854,-0.08826138237376105,-0.13799012231585453,-0.056800415969733925,-0.05711415255569856,-0.11524229074700013,-0.10046437493616776,-0.04085937930287178,-0.08637039074283549,-0.08201800090260775,-0.07518420947506856,-0.13605872779418643
1882,-0.12339143758522064,-0.08719809988991854,-0.1371735378343938,-0.05863422960155903,-0.05367639713363849,-0.10957411629130359,-0.10424945195364586,-0.04259446126608305,-0.08438031341858013,-0.08287689390699123,-0.07760288817779054,-0.14372892250131225
1883,-0.11881180628997147,-0.08127337883868124,-0.12618173824827206,-0.05802985723051786,-0.038542803286294114,-0.08445429039243676,-0.10597712143345094,-0.04604004106511621,-0.07344398875216955,-0.0792643164747961,-0.07909674345035277,-0.15186575146444808
1884,-0.12880541442214616,-0.0914211398740579,-0.1410422560278352,-0.06191261351256791,-0.048368769265847864,-0.10247820872607517,-0.11186425922319981,-0.04829209410292333,-0.08432838493021756,-0.08683682419395747,-0.08422902813543068,-0.1564979922621417
1885,-0.13502740974119287,-0.0960737326887338,-0.15020132757750038,-0.06471110046514139,-0.05717092515313585,-0.1172167686960993,-0.11520185689060873,-0.04789252322471359,-0.0916912494723724,-0.09136376623618074,-0.08630939333588755,-0.1588635148894823
1886,-0.13292290248350064,-0.09515716058451557,-0.14627363630867612,-0.0638248812861338,-0.05043608508514738,-0.10664988198214667,-0.11522674151773668,-0.04999656462388444,-0.08760074509040283,-0.08992792517851936,-0.08707187907279851,-0.160575303955507
1887,-0.1455211045720632,-0.10558094743610544,-0.16327003170279183,-0.06974866749635922,-0.061548892584272374,-0.12634646235698152,-0.12423435160046045,-0.05269570267268049,-0.0995424783178498,-0.09932991788684839,-0.09399715509008189,-0.17023286187056863
1888,-0.17037929214722203,-0.12554935071119547,-0.19630062790451422,-0.08211641006599582,-0.08256884519630754,-0.16308381667027433,-0.1431180967385862,-0.05846266322439628,-0.12223281366287678,-0.1181960937999047,-0.10843862890953777,-0.1915509751357996
1889,-0.1648533884774117,-0.1204283134928104,-0.18710182449219387,-0.07982060394174112,-0.07350376546658674,-0.1481445383125014,-0.14066084170606125,-0.05892531281107398,-0.11471162068396067,-0.11384454858001489,-0.1067057014792762,-0.19083545840560867
1890,-0.18324858146811776,-0.13458333340100956,-0.21015089785169427,-0.08963648277879203,-0.08570577605536514,-0.16988480302667985,-0.15634074653783508,-0.06464080124090349,-0.1294860709738343,-0.1279357865949345,-0.11884721973809517,-0.210232617008552
1891,-0.17711782920324862,-0.12662881949716615,-0.19533918044597054,-0.08834474869078722,-0.06579280568295848,-0.13784882142038482,-0.15775269076365295,-0.06880220582242104,-0.11525613060627178,-0.12265459780749027,-0.12016800315505383,-0.21886322786491244
1892,-0.17472059700733922,-0.12333390925599125,-0.1892212057496042,-0.08795941635025681,-0.05731498064473989,-0.12410155089223976,-0.1586433527894201,-0.0706910848394714,-0.10924800111340192,-0.12057749528069467,-0.12093806950030248,-0.22296349544030375
1893,-0.17893632694445455,-0.12751467627141083,-0.19696266902069312,-0.08953577320820141,-0.06594197652579296,-0.13827936740104715,-0.15983418371623895,-0.06966229973456152,-0.11596900629575357,-0.12396253905797594,-0.12168971922623922,-0.22199405871152947
1894,-0.2006496325198567,-0.1470508741286614,-0.22994716312954439,-0.09975061807983449,-0.09261194047379746,-0.18307797154192745,-0.1733873792433767,-0.07196455623707264,-0.14069119907890923,-0.1413353907100794,-0.1322109828773632,-0.23327157044507077
1895,-0.20371563967191772,-0.14800386667736276,-0.2289904432690074,-0.10265210960558618,-0.08256301406247107,-0.16819276017415014,-0.1807390924396354,-0.07795612269646027,-0.1365347655311169,-0.14346422012110358,-0.13854325209122675,-0.2468569699077927
1896,-0.20200032226499628,-0.14268138326962143,-0.22185332340344818,-0.10332009994790203,-0.07363360976982006,-0.15349882821883015,-0.18313480766716042,-0.07946055824467337,-0.12957908470287183,-0.14138936265005025,-0.13962538149831044,-0.25397110135383005
1897,-0.22051658969156845,-0.16069756439123484,-0.24842490907804865,-0.11250615313323341,-0.08885972548891999,-0.1804840631514929,-0.19734533715361613,-0.08556231031841141,-0.14741394316488407,-0.15673925079861414,-0.15197318494490844,-0.2687875560166789
1898,-0.22987774876288086,-0.16723716622560078,-0.2577203905297832,-0.11847692668491999,-0.08864088263492519,-0.18160451212531464,-0.2081248533840781,-0.09134480446524867,-0.1513869551945434,-0.16410769493564364,-0.16084603346792373,-0.28415556388611063
1899,-0.25635176188182224,-0.1872583793256195,-0.29235542764750794,-0.1338735793743805,-0.11028563365753676,-0.21814624189969184,-0.23089258431975462,-0.09832282242831769,-0.17417989876165504,-0.18568487981895665,-0.1785021979124812,-0.3107259857913506
1900,-0.26530076766635075,-0.1921040409171612,-0.30056173478945536,-0.14012697762105553,-0.11052500356797312,-0.21959841888566778,-0.24158357608555575,-0.10320364315878086,-0.177579682230442,-0.19265825201014702,-0.18683816990518512,-0.32604019674928475
1901,-0.26903198208954715,-0.1943540034366147,-0.30120444549129455,-0.14325494346697693,-0.10180592834552463,-0.2071560924612332,-0.24897060140854088,-0.10934120782590662,-0.17475628459926046,-0.19556636184979823,-0.19357907675071945,-0.3383086010172944
1902,-0.27359148413656625,-0.19623737503495836,-0.3043593340877916,-0.14673359287461732,-0.09992235566630886,-0.20481926271512355,-0.255231739012898,-0.112513211772208,-0.1752637165712633,-0.19900506386818184,-0.1984722277308884,-0.3477265649865212
1903,-0.28762519551953714,-0.20316839480541724,-0.3152705385788298,-0.15713099306136957,-0.0956370405820428,-0.20006966882635746,-0.2737325852465161,-0.12206298761531889,-0.1780363326252632,-0.20988923787240457,-0.21327465412118757,-0.3746791057598548
1904,-0.30475125688209964,-0.2205381780710074,-0.3441533117623128,-0.1660507366197884,-0.12054251354965306,-0.2403330099459758,-0.2845061235990374,-0.12377435055700593,-0.19976887408258176,-0.22552052590134294,-0.22245930688166166,-0.3825416573288345
1905,-0.3237660896763021,-0.23585568898466353,-0.36763771836649634,-0.17832801250980673,-0.12962183543946235,-0.2566803016102518,-0.30380398576593043,-0.13263444591703863,-0.2131036900846303,-0.24214361202992302,-0.23893902688545865,-0.4061522069891268
1906,-0.3347100864635919,-0.2430802471144079,-0.3781798142733559,-0.18621968727707527,-0.1288847896412588,-0.25712097326620165,-0.3172554852985397,-0.13982083712428872,-0.21722117162975696,-0.2513933679315469,-0.2503648432832818,-0.42437020856054997
1907,-0.3745452817308714,-0.2770642832362275,-0.4330084180656617,-0.21204948958040404,-0.16067495894656175,-0.30954011456557895,-0.35441025536819354,-0.15411388367508325,-0.2517624332085377,-0.2880348225665404,-0.28234333463732975,-0.46584639269810507
1908,-0.3644655564328884,-0.27209143106898104,-0.4243767267656955,-0.2041571174427989,-0.16147126434435172,-0.30946250388425856,-0.3414811181803981,-0.14801578191214054,-0.24872929194486054,-0.2796673236374289,-0.27183003881567785,-0.44816820822178816
1909,-0.375830944473062,-0.27868160000218123,-0.4342052589479009,-0.21296268893242093,-0.15901240261373228,-0.3073739520103216,-0.35639715841313174,-0.15601595620557152,-0.25177368291397284,-0.28933801451701024,-0.28449445299998743,-0.4685832763032679
1910,-0.399001920436287,-0.29986736364614097,-0.4692348827162131,-0.2280146302744821,-0.18387668861937267,-0.34657478107988887,-0.3764800607570868,-0.16247065349544765,-0.27524971457165814,-0.3117568413861528,-0.30203582788812894,-0.4891406836121879
1911,-0.3910921363297566,-0.28965230768639755,-0.4507790900909311,-0.224149525379789,-0.16175838213565097,-0.3134651015450028,-0.3742458815300739,-0.16502060258192533,-0.25957566660418824,-0.3030638141956515,-0.3000360369031557,-0.49125861038261137
1912,-0.4002567576951067,-0.2925441083668298,-0.4563099824921903,-0.23195913804867205,-0.1572480818960466,-0.3079724594219335,-0.3874441615674923,-0.17159137952459783,-0.2598881952323606,-0.3102957874398362,-0.310664070919602,-0.5098643722372331
1913,-0.42642559932354757,-0.31504238349922276,-0.492632790868033,-0.2500528385065454,-0.17839546365082126,-0.3422599242239093,-0.41278601448558394,-0.18157158287054265,-0.28245921774473043,-0.3355562855922085,-0.33312500643307075,-0.5376649659796129
1914,-0.4082263020802436,-0.3051761033559433,-0.4797227574531479,-0.23493829290834903,-0.1893758796832875,-0.3556241706463298,-0.3863977010603892,-0.1656992561276152,-0.2812687424442848,-0.31989360637725944,-0.3098964960666474,-0.5013050782529576
1915,-0.3987344169821368,-0.29425222786521654,-0.46031970820175455,-0.22966451974357582,-0.16848641050383867,-0.3241518879744985,-0.38168615269043193,-0.16677696819968602,-0.2657059572800084,-0.30982990260831417,-0.3057528558258521,-0.4998558063897632
1916,-0.4251748079561558,-0.31095645763663554,-0.4890390124460416,-0.24967685614475515,-0.17756155718564975,-0.3407170745736049,-0.4118918030200446,-0.17966780120442327,-0.2803446935670585,-0.3334992224549106,-0.3311276804787528,-0.5373524987330348
1917,-0.44501196019516626,-0.32972317161771947,-0.51745403869575,-0.26348182226585926,-0.19289306866267716,-0.3655732135961679,-0.43141498708476733,-0.18849842803103414,-0.2976520414281478,-0.3534515574661026,-0.34932546924123586,-0.5584866870901148
1918,-0.4451371459094753,-0.33096678683457653,-0.5204971650682328,-0.263045034073923,-0.19930563842744625,-0.37475491734415955,-0.4295095848347162,-0.18626322779684512,-0.3011838956707986,-0.3540137344317413,-0.3475487122969714,-0.5547911204423819
1919,-0.39280169756181116,-0.29212991690800943,-0.45797325285348633,-0.22441188652727104,-0.17553888167736842,-0.33360125175876487,-0.3718753505742983,-0.16056260500548808,-0.26739563474085415,-0.3051343397127244,-0.29733068799308254,-0.4854173268800205
1920,-0.42780304883776055,-0.3193587905316674,-0.5004479092771416,-0.24985647150307239,-0.19103298376561567,-0.36065180905807015,-0.410238953963272,-0.17838421748629568,-0.29031238075575244,-0.3379712913072722,-0.33114639632309717,-0.5315737193626473
1921,-0.364656463357065,-0.26897306755804656,-0.4171803075181517,-0.20586641753135387,-0.1455912327336048,-0.2862383756238417,-0.3472801290689399,-0.15386689142915183,-0.2398880748212309,-0.27881320302298696,-0.2768996793971574,-0.45957680057183037
1922,-0.37612599238598315,-0.27386854581400577,-0.4248331526864842,-0.21526820030232194,-0.13969534128907485,-0.2789992747231429,-0.36362954727694724,-0.1626936244095485,-0.2406488693492367,-0.2880560505801628,-0.29043024888574337,-0.4827164406906845
1923,-0.44482589961400393,-0.3343321164437867,-0.5216630005083097,-0.2623577171528252,-0.19692653407459337,-0.37143946912956016,-0.4294312031805275,-0.18872630161454934,-0.3012387326359113,-0.3547199524461433,-0.34908750867754773,-0.554349651596022
1924,-0.4313245016405047,-0.3161057534685843,-0.49476838898147807,-0.2544643334526465,-0.17449350511098405,-0.3372176597497504,-0.42036675242943256,-0.18555937250978088,-0.28173526137020155,-0.339330585872901,-0.3392916413182559,-0.5484190537373499
1925,-0.43485837490400997,-0.31918106172648575,-0.4987612099865111,-0.2571050996091134,-0.17458076432074962,-0.3378656541226886,-0.42466545643082754,-0.1881802334108978,-0.28346096613183847,-0.34275586941365216,-0.3433780723611029,-0.5537016110917453
1926,-0.4340282106231772,-0.3134920100064802,-0.49409838594842426,-0.2574060220793855,-0.1729006640612654,-0.33503589720185323,-0.42477384786121897,-0.186080448867604,-0.2804094692307213,-0.34052402118467967,-0.34159201958995417,-0.5551764855682846
1927,-0.46296629871991185,-0.3409601847655784,-0.5344420466754287,-0.27795612602131436,-0.19185701157632554,-0.3665045838102138,-0.4544083415756525,-0.20063231880903232,-0.3040319748897465,-0.3698301792801798,-0.3696814587911032,-0.5877163966736703
1928,-0.46259132425983335,-0.33945287149478065,-0.5342421056047846,-0.2776948940455903,-0.19472516735154255,-0.3704907961422953,-0.45321438180847534,-0.19853885028064666,-0.3047872865913842,-0.36916288051283186,-0.36787137760531696,-0.5860189916723495
1929,-0.49273473167709747,-0.3639988338247294,-0.5762214077604475,-0.30003492818964284,-0.22186338696329538,-0.4131453068276265,-0.48295898286264904,-0.20897640442051574,-0.3311890781471152,-0.399330982964469,-0.39424376145751977,-0.6179831467225185
1930,-0.473804621880311,-0.3564911928618644,-0.5641674752337106,-0.2833181296743076,-0.23193978994102293,-0.42484119496162875,-0.4554224183798675,-0.1940413740924786,-0.3303467714362591,-0.3832132016039414,-0.3705316648929693,-0.5810854153850609
1931,-0.4094288147456459,-0.29789280917819927,-0.46824525445815196,-0.23854873464874798,-0.16709039866437447,-0.3233596437527699,-0.39586477023570044,-0.17285260437213912,-0.26802848352961683,-0.31843389496332164,-0.3169040342823051,-0.5191694147243349
1932,-0.37217242704615777,-0.2774680068562703,-0.4309386237377562,-0.21006413914217734,-0.15779174232584167,-0.3052115061071511,-0.3520854305347579,-0.1547301651262173,-0.25017205238900597,-0.2864251904762121,-0.2813552888636983,-0.4628336008078227
1933,-0.3870367570493601,-0.2838992061179771,-0.4455102094535579,-0.2215311277275296,-0.16379560820231784,-0.3156248445812611,-0.36905516549141165,-0.1601506479969092,-0.2577542858909484,-0.2986958339272341,-0.2941660718431185,-0.4848345864586857
1934,-0.4306600938172012,-0.3227982799054902,-0.508280666325154,-0.2511861075713919,-0.20287674992365068,-0.3779435482241027,-0.4100381315384122,-0.17570548433284505,-0.2976716306047865,-0.34121057913812836,-0.33057324216361617,-0.5290043882279667
1935,-0.4546235284042389,-0.3373656009072201,-0.5341492691374459,-0.2699111225507538,-0.21162865818074478,-0.39352335102868646,-0.4377665895910633,-0.18718346281618942,-0.3108424572504639,-0.363022719150968,-0.353901940908723,-0.5632528319612824
1936,-0.49123876264191524,-0.3726359341668729,-0.5890885693238597,-0.29621976295716457,-0.24574699631939043,-0.4465032204692675,-0.473244118096596,-0.2019285162089703,-0.3453197578556435,-0.4013901002316371,-0.38727213421892864,-0.6004795322349424
1937,-0.5158996926249554,-0.38706133906048923,-0.6139110028373578,-0.3167195735822912,-0.2506355290329997,-0.4566595964046297,-0.5036390304724421,-0.2157735114692574,-0.35653123292128963,-0.4245021950351567,-0.41378459403484397,-0.6378553423197404
1938,-0.47705015852998234,-0.3535353309046151,-0.5575938148087785,-0.2877142142533524,-0.2128473408506545,-0.39828591217188136,-0.4656752407626269,-0.20230625096924787,-0.3207356171963375,-0.3843434119959798,-0.3793365816347096,-0.5978965465621695
1939,-0.5140660472503048,-0.388930159226167,-0.6148431713607228,-0.31467414864644316,-0.2528463376085811,-0.45944463583332684,-0.5004220338185476,-0.21500092162200354,-0.35794202074209774,-0.4237748778182512,-0.4118892665144011,-0.6330183918633556
1940,-0.5450993174925199,-0.40758783095420886,-0.6455300623443754,-0.34095629239420455,-0.2566023374540979,-0.46890833757820966,-0.5394871433386126,-0.23391195137195475,-0.37104047830523323,-0.4533911642242713,-0.44683952035876623,-0.6805630184238612
1941,-0.5599085465304843,-0.41821325484788385,-0.6622407956174082,-0.35332826888741875,-0.26125405732338053,-0.47738643560275223,-0.5572788228357161,-0.2425937872849898,-0.37920385198516304,-0.4683376056339979,-0.4633738914492226,-0.7012248474019879
1942,-0.5774453008159519,-0.43643067628647825,-0.6929878765923706,-0.3665379525531315,-0.28804425488442076,-0.5166834854284876,-0.5722914521280853,-0.24645898367392127,-0.4006782953972324,-0.48870403132028767,-0.47795400835618174,-0.7145739041256611
1943,-0.5807298581388105,-0.43737646460909213,-0.6931870726090363,-0.3698434614948042,-0.2815661661092955,-0.5082294650145964,-0.578413173513395,-0.2509900491313798,-0.3984960611854616,-0.4913928349701517,-0.48375556608956805,-0.7229369636569691
1944,-0.5739016128023883,-0.43348322550109275,-0.687173556963991,-0.36377758695304896,-0.2824152264375779,-0.5084441720666157,-0.5692612236970378,-0.2461152348242155,-0.39649878099952884,-0.4848118191808176,-0.47531759489321673,-0.7117910177537699
1945,-0.515783834262264,-0.3855021235698093,-0.6103518948131825,-0.31718406383399544,-0.24336645931364193,-0.44648895730420574,-0.5056914086348484,-0.218183244367043,-0.3525434805670237,-0.42375571932682277,-0.4156762737366251,-0.6417039781562115
1946,-0.5054340235515595,-0.3775244192241989,-0.5931517505611204,-0.3096459225185755,-0.2250844007986224,-0.41942979815197057,-0.49779887925671895,-0.21859528484016205,-0.33949984075433126,-0.41307844319110787,-0.4095278616349328,-0.6348849093592637
1947,-0.5541254673744259,-0.4101440775385565,-0.6503614465013077,-0.3493354411565406,-0.25121423698424833,-0.4626902440036893,-0.5528523820385318,-0.24089392923800867,-0.37081267036684284,-0.460970416671313,-0.4583451477320263,-0.6979614479285743
1948,-0.5797337591753581,-0.4368206778990601,-0.6904073310370792,-0.36921978206272243,-0.27615087035433933,-0.5005893565142553,-0.5786107207031401,-0.2526930518187547,-0.3956265797075259,-0.4902927952026027,-0.4844267811706362,-0.7238741110798307
1949,-0.5700760743967186,-0.4307377297020058,-0.6847308036002713,-0.36026748492061533,-0.2866430565737193,-0.5137852266331342,-0.5631132349101953,-0.2414776182854375,-0.39693840321230167,-0.48103323677312515,-0.4691074367829098,-0.7038753712481755
1950,-0.6306929682933281,-0.4910942834584415,-0.7787643139212689,-0.4094481129513767,-0.3486189500408651,-0.6054954229154197,-0.6253287610048976,-0.2680120929195117,-0.4552391301982648,-0.5516203983526987,-0.5315479600484926,-0.7669994383577232
1951,-0.6289468450264413,-0.4738218779345527,-0.7482468633163761,-0.41155115822730126,-0.29566774308492105,-0.5341179191445348,-0.6374393864784498,-0.28144019386832353,-0.42485541791759174,-0.54226974133458,-0.5408290231304338,-0.7899411711515262
1952,-0.6422106263715575,-0.4897079147326019,-0.7743459777234032,-0.42187828174439856,-0.3202934101217758,-0.5692658349111424,-0.6481919042351721,-0.28397428497590965,-0.4435558322880555,-0.5593215827607455,-0.5522102070801684,-0.7984746729569068
1953,-0.6589775354990781,-0.5121659563414068,-0.8072097992112094,-0.43526426768768883,-0.3466025312970567,-0.6064260572747664,-0.6633674999062444,-0.2906691869179133,-0.4655832873708132,-0.5819551084996112,-0.5696256506703168,-0.8114518569285307
1954,-0.6616574722437474,-0.5192845268823754,-0.8127647606151926,-0.43744732603184766,-0.3450999251731761,-0.6042088728313968,-0.6673409018454323,-0.2960358323604575,-0.4675881381583904,-0.5867993579185601,-0.5758660154861713,-0.81555728289283
1955,-0.7057873809555117,-0.556329225008041,-0.8690873694366166,-0.47735333965340854,-0.36913491938596954,-0.642001060165035,-0.7200522757620814,-0.3224357867969654,-0.4972900258139987,-0.6377271941395579,-0.6294626112505711,-0.8723457442213924
1956,-0.7539793154099079,-0.6122159134748489,-0.9519152251175711,-0.5205938951083727,-0.42847742960999396,-0.7247842199011107,-0.7708265790588527,-0.346425768320278,-0.5489394871623776,-0.7026944858716879,-0.6864906180670791,-0.9207526969922559
1957,-0.7882562089438767,-0.6576365663265257,-1.017325324955338,-0.5522954201033712,-0.4792036335663054,-0.7926143503225629,-0.8063473279014102,-0.3639513684296042,-0.5905504307352445,-0.7532731394753355,-0.7291309136333558,-0.9531463220663036
1958,-0.7767282939114596,-0.6404375512242898,-0.977404171393567,-0.5432434651008891,-0.41472538158929023,-0.7076969778285722,-0.805706488256267,-0.3768521129218165,-0.5547234757382669,-0.7333443456046242,-0.7291334692802114,-0.95980122049434
1959,-0.8016708238503183,-0.6659295584112972,-1.0097664017779713,-0.5677620795215178,-0.4226005806347084,-0.7202510514575693,-0.8381982846107848,-0.3977649278070564,-0.5697092976223078,-0.7659115983846908,-0.7663470273569183,-0.9940338223040421
1960,-0.8224705293068557,-0.6871329774294342,-1.0371219156199343,-0.5884782203440369,-0.43058710442449466,-0.7325498582312981,-0.8650975108843517,-0.4147623693751024,-0.5827343134583395,-0.7934569489965273,-0.7973972705749541,-1.0220152627019916
1961,-0.9120812225626982,-0.7562690981407509,-1.171965410790674,-0.6775354733432931,-0.5559080859839869,-0.9077887537618741,-0.9595927267311827,-0.4393025747631788,-0.6721576567754197,-0.9090463917753142,-0.8948089300995824,-1.1117853894404495
1962,-0.9171707058888766,-0.7551531757401344,-1.1651100465856645,-0.6835012469667043,-0.5313658285980116,-0.8777588002480894,-0.9716383018721185,-0.4508520149776246,-0.6618463463028735,-0.911687484181083,-0.9077231980213998,-1.1269371179091259
1963,-0.9552476091668296,-0.8040063066207518,-1.2503375446337615,-0.7223251547655282,-0.6294125263615694,-1.0046306789888355,-1.0049674262396406,-0.45548618351658343,-0.7240808055028995,-0.9747331666775947,-0.9488411021870428,-1.1525943819934727
1964,-0.9617759283427112,-0.7857289833381262,-1.2193034289598113,-0.7300552378851233,-0.5658375574403173,-0.9292845179283918,-1.0252494468407587,-0.4732188479765421,-0.69250036835179,-0.9676760484265923,-0.9654211714717194,-1.1803366385185468
1965,-0.9804923877052282,-0.801217151475322,-1.2478734391723918,-0.7496488056999204,-0.5922407656498354,-0.9656767542815486,-1.0455411431358763,-0.4794759670151565,-0.7112209464584439,-0.9934718043838839,-0.9879213151997166,-1.1991867649737722
1966,-0.9936833428318635,-0.8107687559375305,-1.26166075961162,-0.7639011746302984,-0.5955834808494449,-0.9719317570674166,-1.0630516507372612,-0.4893575375120074,-0.7173238485825785,-1.0102550371110144,-1.0079185307335083,-1.217010983798392
1967,-0.9961023025371663,-0.8253135420665818,-1.2854224806287275,-0.7662856934455355,-0.6329884971990372,-1.0172246134259848,-1.059947303700882,-0.48398552938190503,-0.7378028895353047,-1.0221085283508025,-1.0079669298465652,-1.2102292135584152
1968,-1.0161685558383227,-0.8348381809096261,-1.298593093385827,-0.7882163790284973,-0.6253575043832547,-1.0116586620706611,-1.0887780226464248,-0.501271888930251,-0.7401858974586769,-1.0445362579148918,-1.0396387153700137,-1.2407834258135004
1969,-1.028762884440767,-0.8428719828160619,-1.3038274370303002,-0.802452833813855,-0.6085483729449696,-0.9922422765824123,-1.109667971433715,-0.5182629470055111,-0.7369455512004242,-1.0591023732727178,-1.0646198471039718,-1.2634278327234072
1970,-1.0702390168005778,-0.886468005938952,-1.3711252068881603,-0.8483459562259321,-0.6638797833613973,-1.0658345092835562,-1.1574996887175746,-0.5403173441310969,-0.7786660281075853,-1.1232548301951857,-1.1244707915041094,-1.3073514916915783
1971,-1.0727277583392933,-0.9009852921069419,-1.3842541047164238,-0.851999925114218,-0.6717781176688805,-1.0728649194947701,-1.1612247578780386,-0.5473131248185841,-0.7860008639640705,-1.1341016067425187,-1.1345476647615453,-1.3100199222860036
1972,-1.108519793562047,-0.956853360258211,-1.4736506061869126,-0.8933518052815498,-0.7762932378510019,-1.2014867176164945,-1.1947510597617435,-0.5562386567467246,-0.8501215316905735,-1.2049895647606192,-1.183544934377196,-1.3356117282263642
1973,-1.1263759616710212,-0.9549428606649333,-1.4615289528949407,-0.9134849278361592,-0.7224587046280238,-1.140958794541132,-1.2281822778063662,-0.5840446120437272,-0.8294847062390318,-1.2167793658595318,-1.220155638633218,-1.373285881588851
1974,-1.1144572792200447,-0.9521535628366038,-1.450123003553273,-0.9005746462989701,-0.7110996476558887,-1.1231210591700338,-1.2147607399586304,-0.5817321216260052,-0.8219677026233102,-1.2035762250678836,-1.2072038664412879,-1.3604013606341154
1975,-1.095279816725475,-0.9377254570489763,-1.4184182724983294,-0.8793378556142923,-0.6729992114612479,-1.0722255558035803,-1.195597937883346,-0.5796079898632048,-0.7989863039983609,-1.1754473986922884,-1.185744485882376,-1.3437357865475659
1976,-1.1362406468294637,-0.990515311662949,-1.4968117141729034,-0.9273786658482139,-0.7464057717078705,-1.1641272486555245,-1.242029374484527,-0.6017530631744027,-0.8495040999755525,-1.248315095238018,-1.2497924069246638,-1.3846015863333017
1977,-1.1406157301330375,-1.0017218999674908,-1.5045858599444144,-0.9333988003492631,-0.7430716013905772,-1.158165776731356,-1.2502370512359535,-0.6122484830672342,-0.851311863686687,-1.2588023439839513,-1.264073896128343,-1.3927426501318128
1978,-1.143317003834027,-1.022443373866944,-1.523087962350245,-0.9384279148437,-0.7554146559222954,-1.1681390389288029,-1.2549224721566652,-0.6220881675508915,-0.8616410332061901,-1.2745468463900314,-1.2784767877303191,-1.3960505388843236
1979,-1.1552853072546203,-1.0390184182549578,-1.543688411466752,-0.9531588279495122,-0.768937476348362,-1.184296108173469,-1.270574315418115,-0.6327956933367656,-0.8730339433800953,-1.2965600213706479,-1.3011839053293999,-1.4105759352804532
1980,-1.1529992831569085,-1.0333201804694094,-1.5398289019105291,-0.9499647923545994,-0.7708957873083523,-1.1876807543975425,-1.2662288911774915,-0.6272798096457284,-0.8722482393481037,-1.2911085377388603,-1.293649738067298,-1.4062444792351794
1981,-1.1264491555711613,-1.009250820143671,-1.4989785719174071,-0.9190239355117158,-0.7327735003806111,-1.137602422462785,-1.2354669007307537,-0.6151986705518542,-0.8462286635343705,-1.2496021794337557,-1.2551027741258078,-1.3780617634765537
1982,-1.133197610393845,-1.0536558878849058,-1.5699576022234556,-0.9295330712034126,-0.8450114876339492,-1.2649242369585159,-1.2300659252239494,-0.6029264501401326,-0.9049650939686554,-1.2901286208036977,-1.26186850354789,-1.3641872377896882
1983,-1.0963684850553939,-0.9885179797685413,-1.454557373609285,-0.8851741480122504,-0.6840362741355019,-1.0716936492474956,-1.2030723218743524,-0.6082678237345367,-0.8156557757193051,-1.2066230656350594,-1.2184779838854394,-1.3486524723447735
1984,-1.1082566146608612,-1.014548802968118,-1.4879141876315733,-0.9001503630199684,-0.7163752314297656,-1.1085525784184418,-1.2163273672253399,-0.6173796138505482,-0.8373685363623089,-1.234974427242412,-1.2414562772562232,-1.359275935529705
1985,-1.1118797004688512,-1.0271001928027799,-1.5030657354385493,-0.9051663359676204,-0.7321705493875376,-1.1256146350007097,-1.2200533466410213,-0.6208664954927481,-0.8475170026176501,-1.2468333749163996,-1.250051652131706,-1.36167324973005
1986,-1.1103930420978623,-1.0327226732066737,-1.5043692436839555,-0.9042461902881153,-0.7280146386911095,-1.1180526815645888,-1.2199719640327347,-0.6255584670030996,-0.8467334194830979,-1.2485645272129122,-1.253462900778183,-1.3616374650922625
1987,-1.131489637924747,-1.0675048213933134,-1.557234209760926,-0.9302562198296105,-0.7880719104709888,-1.1892000602280688,-1.241623511977093,-0.6338544882633375,-0.8834005493863568,-1.2931846667817883,-1.2867128338422034,-1.3790229183716332
1988,-1.1326193930469663,-1.0817286697508877,-1.5617712863534745,-0.9334336031723913,-0.7748543391942204,-1.1684622350875782,-1.2483405865442034,-0.6490142464407114,-0.8809951547675969,-1.3020789468993779,-1.3024315896434193,-1.3862235692540603
1989,-1.1277663488029044,-1.068844079931063,-1.540041484411607,-0.9270855576480017,-0.7427531503536338,-1.1312228006315617,-1.2459594958875653,-0.6510161108755594,-0.8637677006984485,-1.2874911090304593,-1.296501882795374,-1.386117286452198
1990,-1.1291080039148684,-1.0877696636090006,-1.562545591371915,-0.9303922584380051,-0.7711180610072329,-1.160361394471161,-1.2457079105042483,-0.6529880348082349,-0.8801090855140682,-1.3022790038917138,-1.3035992751552645,-1.383554944183155
1991,-1.1650884789789064,-1.1817652895975608,-1.7339976618478536,-0.9791277095136274,-1.0413741459457706,-1.469678426282579,-1.2595446079217953,-0.6267792546678943,-1.0191761030146003,-1.4149566870478307,-1.3413251314914498,-1.3791371311459035
1992,-1.0933013892786572,-1.0481006450225774,-1.5017405456427835,-0.887580077066924,-0.7162287323646737,-1.0917274660337752,-1.203093819442557,-0.6329576742633902,-0.8422464087165726,-1.2412701868245803,-1.2469151986661575,-1.3443978230886564
1993,-1.0895531018864257,-1.063786297031799,-1.5242211805704893,-0.8845738550039267,-0.7564793307266212,-1.1347381530393035,-1.1931454961045254,-0.6257036000254554,-0.86222009066395,-1.2499212693424062,-1.2415097535123572,-1.3310033839689552
1994,-1.1060214374571193,-1.1245996115257226,-1.6349699307019552,-0.9071946690270805,-0.9382029950501212,-1.3417536704762263,-1.190670957727178,-0.6017906576284101,-0.9547812858620506,-1.3151334415198455,-1.2528409590333824,-1.3149516859945354
1995,-1.0661611461067737,-1.0737453107136785,-1.5260116635014138,-0.8599122045482827,-0.7744265085694799,-1.1439542226408224,-1.161169268202573,-0.6149803363904769,-0.8681600932953006,-1.235484146210231,-1.214463348372568,-1.2959839260122206
1996,-1.0491224268488029,-1.0477692710791162,-1.4850620667417709,-0.8393392855293268,-0.7277751233451333,-1.0887459530826376,-1.143631038500049,-0.6090386510130086,-0.839824761326835,-1.2011145860346535,-1.1890450845756122,-1.2815124406921352
1997,-1.1156745261387786,-1.181547650598906,-1.740139641851522,-0.9232803561227741,-1.119915770391685,-1.5422211118244102,-1.1803974608910812,-0.5737438659532458,-1.0440342822676656,-1.3735634058927282,-1.255443225477168,-1.2908092672081146
1998,-1.0938475605796372,-1.1730662070995974,-1.7063522250282877,-0.8985382198745584,-1.0682162010853482,-1.4739975090491935,-1.1598964632198236,-0.5782826902421278,-1.017164815183924,-1.3436225237931954,-1.2362071659079517,-1.2722729672211057
1999,-1.0147091307343927,-1.0315700365069524,-1.4689591707924434,-0.7998221685374252,-0.7563743366108707,-1.1160011312833795,-1.0901465351910442,-0.57210998076728,-0.8428488788263864,-1.1617318561983716,-1.1271948671994638,-1.2231824224594903
2000,-1.0002086579134077,-0.9927022120864674,-1.405154130622877,-0.7822951331835806,-0.6660948805271978,-1.0117639408409351,-1.0831107325344198,-0.576960061766403,-0.7930076271817335,-1.1203290636761132,-1.1104908233105388,-1.2236375866247204
2001,-1.000788241258982,-1.001980577535062,-1.407079397225214,-0.7840060643557547,-0.6543988595645847,-0.9943986498531581,-1.0878250393130837,-0.5878412973250438,-0.7901850615759699,-1.1254784697348073,-1.1209911426801515,-1.2290340447274413
2002,-1.0370121385862021,-1.087683415120901,-1.559780194085683,-0.8278763111673528,-0.8817475375072997,-1.2580912634948096,-1.1044411962143177,-0.5687963478923972,-0.9119867690669509,-1.2240044949551856,-1.1565684024489786,-1.227678017720726
2003,-1.0594810679680546,-1.1202273282069848,-1.6020507570087783,-0.8558728253334246,-0.9137086447674968,-1.2938749423583067,-1.1339411851772732,-0.5878337867323372,-0.9359273720405884,-1.2670979635071398,-1.19864169933176,-1.2561513929002213
2004,-1.06645301749644,-1.1368568154440446,-1.5844485590732615,-0.8669636854810175,-0.8273499000253762,-1.1854868158764398,-1.1633317624673571,-0.6361992559957372,-0.9039090201694393,-1.2780399606602237,-1.245073501037736,-1.2925126347609461
2005,-1.0878177469432981,-1.1750462977422207,-1.6248041246769767,-0.8951794376724488,-0.8466570908967053,-1.20328460357145,-1.1951290115462148,-0.6638779215361944,-0.9232976535707993,-1.3234079052862975,-1.2947293209808046,-1.3236246243589118
2006,-1.103659873416533,-1.2001126293502975,-1.6736472803675484,-0.9151892373568034,-0.9193237388177318,-1.2880780211398644,-1.2070562577229915,-0.6595883103914506,-0.9614380305830114,-1.3595786596728638,-1.3127066688141151,-1.3309679453408227
2007,-1.0816739179576182,-1.204010722116798,-1.6353725160315358,-0.8925403387327451,-0.8341826376548076,-1.174105476084557,-1.1956198483953713,-0.6857697843339303,-0.9227890563823637,-1.335147727267977,-1.3126207316230143,-1.3239792399116501
2008,-1.0577539847414523,-1.1654262580435948,-1.5733769673991722,-0.862103902736388,-0.7586171522234489,-1.087265476634233,-1.1711934757998548,-0.6786644524481393,-0.879236300259043,-1.282962549866875,-1.2756206528146885,-1.304143043502805
2009,-1.029175545320979,-1.1464414616682808,-1.539319354693926,-0.8287825881350923,-0.7333582763096709,-1.051700675361504,-1.135177808317721,-0.6632657675181908,-0.8599532307455959,-1.2427576932272801,-1.2334897026273182,-1.2681458545956794
2010,-1.0331087263109882,-1.2010537987738292,-1.6024882174485682,-0.838891110786029,-0.8093549428043767,-1.1241605343843817,-1.136510870011975,-0.671789943217175,-0.9038213664320167,-1.285703259778293,-1.2564488967871834,-1.262613576310933
2011,-1.0274844162897299,-1.1743457963199784,-1.5571657544129054,-0.8303323735306072,-0.7368816622995625,-1.0445645625390312,-1.1378393357753807,-0.6798164116969931,-0.8669092483560037,-1.258678160115571,-1.250828688764049,-1.2696926549383722
2012,-1.03813887173589,-1.2131081837782947,-1.6296731918251837,-0.8453792531366592,-0.8575644542973218,-1.1795632906157794,-1.1362823362872327,-0.6632877599511479,-0.9273280451987849,-1.3014767626931376,-1.257764375200119,-1.2588315982939018
2013,-1.0150681362139746,-1.1743066387620564,-1.5546881455626227,-0.8165598049432077,-0.7459567884131043,-1.0502987143284177,-1.119831278465528,-0.6706828701331928,-0.8687148601344437,-1.2476554931507113,-1.2326464289380952,-1.2497427176089757
2014,-1.0302897366515271,-1.2115525145890238,-1.6255542340332494,-0.8364846240497481,-0.8587492557548866,-1.1781675402964578,-1.1254376056596949,-0.6582243789227086,-0.9262460680688968,-1.2931595757715435,-1.2463534365042364,-1.247055084815419
2015,-0.9424599518770859,-1.1399243952602482,-1.4885821034233229,-0.7336310999211587,-0.7164656756079547,-0.9971397873865845,-1.0234683807132392,-0.6271341292996453,-0.8372822113055196,-1.1570822710215198,-1.126820898788289,-1.147341392655865
2016,-0.9198695806598024,-1.1097258265824832,-1.451041148483403,-0.7062688155095354,-0.6950167848690796,-0.9733492307343283,-0.9922011976905616,-0.6058175604959183,-0.8180985000536183,-1.1168372800904298,-1.08450473501156,-1.1152483224839593
2017,-0.8968168284603921,-1.0792388501428531,-1.4128995001994202,-0.6787811647202731,-0.6735677363276281,-0.9493443749576868,-0.9604612903632409,-0.584401255233147,-0.7986166191232288,-1.0765065253528936,-1.042188386012377,-1.082438852292486
2018,-0.8732774638775719,-1.0484555546225067,-1.3741360419040418,-0.6511666336728232,-0.652118529981824,-0.9251166061668878,-0.92822745366746,-0.5628832840551179,-0.7788245027978443,-1.0360894200686297,-0.9998718517903286,-1.04886625924196
2019,-0.8492252993425022,-1.0173676986471585,-1.334728523480321,-0.6234236808983428,-0.6306691658298916,-0.900656780440297,-0.8954770229421353,-0.541261660968728,-0.7587093378344014,-0.9955853714555487,-0.9575551323404521,-1.0144790951493103
2020,-0.8246319747240201,-0.9859666921682484,-1.294653478763519,-0.5955507366652519,-0.6092196438682187,-0.8759551794268062,-0.8621857368199674,-0.5195343412133248,-0.7382575004085445,-0.9549937806065051,-0.9152382276638515,-0.9792205269896107
2021,-0.824120285881232,-0.979296912384005,-1.2895870252034125,-0.5946081651789481,-0.6077848772648076,-0.8763677627647034,-0.860779575936631,-0.5157468051686552,-0.7360032973440273,-0.9508271606152223,-0.9108997924784616,-0.9781763540865258
2022,-0.8235979883838855,-0.9726198786017162,-1.2845091663591777,-0.5936638924848417,-0.6063501043623278,-0.8767630872725822,-0.8593688433963498,-0.5119588241976402,-0.7337392055319132,-0.9466597105276598,-0.90656135453274,-0.9771308724090946
2023,-0.8230650007389703,-0.9659355598007265,-1.2794198482122536,-0.5927179162088562,-0.6049153251601491,-0.8771409602387368,-0.8579535196260349,-0.5081703977330673,-0.7314651538638219,-0.9424914297876854,-0.9022229138266826,-0.976084078472196
2024,-0.8225212405108404,-0.9592439247609708,-1.274319016359397,-0.5917702339719393,-0.6034805396594757,-0.8775011857056071,-0.8565335849266278,-0.5043815252066398,-0.7291810704616112,-0.9383223178386075,-0.8978844703587696,-0.97503596877677
2025,-0.8219666243066219,-0.952544942061262,-1.269206616009023,-0.5908208433900571,-0.6020457478590651,-0.8778435643964781,-0.855109019472016,-0.5005922060489725,-0.7268868826662267,-0.9341523741231758,-0.8935460241335472,-0.9739865398097435
2026,-0.8214010677613327,-0.9458385800775598,-1.2640825919774983,-0.5898697420741696,-0.6006109497601215,-0.8781678936400901,-0.8536798033079396,-0.49680243968958915,-0.7245825170263479,-0.9299815980835779,-0.8892075751464621,-0.9729357880439529
2027,-0.8208244855227163,-0.9391248069812204,-1.2589468886853932,-0.5889169276302243,-0.5991761453620147,-0.878473967293101,-0.8522459163508829,-0.4930122255569194,-0.7222678992868287,-0.9258099891614414,-0.8848691233975111,-0.9718837099380718
2028,-0.820236791235776,-0.9324035907372279,-1.2537994501536875,-0.5879623976591415,-0.5977413346641133,-0.8787615756603234,-0.8508073383869568,-0.48922156307829795,-0.7199429543769251,-0.9216375467978296,-0.8805306688897233,-0.9708303019365341
2029,-0.8196378975270056,-0.9256748991024061,-1.2486402199999314,-0.5870061497567942,-0.5963065176676219,-0.8790305054126498,-0.8493640490707671,-0.4854304516799589,-0.717607606398306,-0.9174642704332491,-0.8761922116230957,-0.969775560469456
2030,-0.8190277159883105,-0.9189386996236114,-1.2434691414343562,-0.5860481815140011,-0.5948716943712982,-0.8792805395026051,-0.8479160279242722,-0.48163889078703404,-0.715261778612845,-0.9132901595076323,-0.8718537515945912,-0.9687194819525614
2031,-0.8104993457205361,-0.9067502517022503,-1.2276073206749576,-0.5767620238398241,-0.5845872103787162,-0.8673692739734493,-0.8371109331222003,-0.47476520709135783,-0.7064466125526572,-0.8988308227155429,-0.8579185606111491,-0.9577406833819364
2032,-0.8018863233795869,-0.894514065420402,-1.211649300285005,-0.5674591893430011,-0.5743027004715209,-0.8554017397249516,-0.8262370673606425,-0.4678800834144028,-0.6975744041268573,-0.8843610434365974,-0.8439833459027983,-0.9466698681611112
2033,-0.7931867925448014,-0.8822296144313383,-1.1955937479963488,-0.558139604994022,-0.5640181646483295,-0.8433767945847461,-0.8152932780108484,-0.46098344551502796,-0.6886441606747226,-0.8698807968253202,-0.8300481074679337,-0.9355049509663066
2034,-0.7843988350508826,-0.869896363635076,-1.1794393036718887,-0.548803197282619,-0.553733602911431,-0.8312932612469508,-0.8042783832212251,-0.45407521842704357,-0.6796548633962542,-0.8553900579474584,-0.816112845306467,-0.9242437747726513
2035,-0.7755204682189977,-0.8575137689832046,-1.1631845785228105,-0.5394498922135348,-0.5434490152594427,-0.8191499258162716,-0.7931911709210535,-0.44715532644973877,-0.6706054664262919,-0.8408888017795536,-0.8021775594167929,-0.9128841075289045
2036,-0.7665496419309061,-0.8450812772782412,-1.1468281542981513,-0.5300796153022508,-0.5331644016915933,-0.8069455362759024,-0.7820303977813823,-0.4402236931382558,-0.6614948958672694,-0.8263770032085295,-0.788242249803373,-0.9014236386371439
2037,-0.7574842355353121,-0.8325983259673327,-1.1303685824455016,-0.5206922915706625,-0.5228797622083361,-0.7946788008743884,-0.7707947881308734,-0.4332802412938024,-0.652322048778369,-0.8118546370312498,-0.7743069164600526,-0.8898599752235306
2038,-0.7483220545747632,-0.8200643429301069,-1.1138043832416102,-0.5112878455427066,-0.5125950968101242,-0.7823483864262428,-0.7594830328242296,-0.4263248929537067,-0.643085792118699,-0.7973216779540955,-0.7603715593912926,-0.8781906381850922
2039,-0.7390608273204573,-0.8074787462604797,-1.0971340448915787,-0.5018662012399451,-0.5023104054955747,-0.7699529165207389,-0.7480937880606993,-0.4193575693813051,-0.6337849616419597,-0.7827781005925226,-0.7464361785954885,-0.8664130579961834
2040,-0.7296982011012703,-0.7948409440422022,-1.080356022595282,-0.49242728217709525,-0.49202568826575255,-0.7574909696328445,-0.7366256741499877,-0.41237819105566276,-0.6244183607399026,-0.7682238794706373,-0.7325007740710348,-0.8545245702568803
2041,-0.7191639255363351,-0.7796965918617863,-1.0604021850480325,-0.4819504212703489,-0.4791896370380797,-0.7420695153682728,-0.7240165623273735,-0.40459824518176346,-0.6130299621015464,-0.7514785936992476,-0.7169089631934811,-0.8417119152577623
2042,-0.7084840242322643,-0.7644778600039056,-1.040298410126491,-0.4714505232404608,-0.46635354759764946,-0.7265388017334551,-0.7113032765695324,-0.39680344069954937,-0.6015442486539818,-0.7347195387290152,-0.7013171205789771,-0.8287647766647495
2043,-0.6976542869304259,-0.7491837227115545,-1.0200420987572045,-0.4609274694502194,-0.4535174199460137,-0.7108957196726347,-0.6984836617036014,-0.38899366764029497,-0.5899589995853722,-0.7179466769312222,-0.6857252462289021,-0.8156794568526833
2044,-0.6866703181033718,-0.7338131328612604,-0.9996305836953937,-0.4503811403436022,-0.4406812540810513,-0.6951370255066427,-0.6855554949770358,-0.3811688148099189,-0.5782719171841786,-0.7011599705226967,-0.6701333401431198,-0.8024521035689436
2045,-0.6755275259226922,-0.7183650213655164,-0.9790611271198112,-0.43981141543626806,-0.4278450500037022,-0.6792593330466026,-0.6725164832022785,-0.37332876977071217,-0.5664806232472696,-0.6843593815649552,-0.6545414023230097,-0.7890787011897974
2046,-0.6642211103932819,-0.7028382965541745,-0.9583309181205896,-0.42921817330591966,-0.4150088077124575,-0.6632591051215567,-0.6593642597490181,-0.36547341882272144,-0.5545826552758335,-0.6675448719633599,-0.6389494327654018,-0.7755550613498488
2047,-0.6527460505772801,-0.687231843533908,-0.9374370700743093,-0.4186012915825399,-0.4021725272070328,-0.6471326444669692,-0.6460963813741641,-0.35760264698478605,-0.5425754624438724,-0.6507164034662558,-0.623357431471676,-0.7618768128898636
2048,-0.641097090822565,-0.6715445235247988,-0.916376617900158,-0.40796064693850853,-0.3893362084889798,-0.6308760839153585,-0.632710324878921,-0.3497163379752154,-0.5304564013227641,-0.6338739376641047,-0.6077653984416954,-0.748039391062591
2049,-0.6292687259012568,-0.6557751731730654,-0.8951465151906548,-0.3972961150785785,-0.3764998515561775,-0.6144853758239168,-0.619203483581517,-0.34181437419210076,-0.5182227313439614,-0.6170174359886167,-0.5921733336753233,-0.7340380259298722
2050,-0.6172551849530403,-0.6399226038388968,-0.8737436312100043,-0.38660757072973284,-0.3636634564095657,-0.597956280666774,-0.6055731635932526,-0.3338966366932552,-0.5058716099803515,-0.6001468597118783,-0.5765812371739394,-0.7198677298772184
2051,-0.6094959047769922,-0.6279901074133816,-0.8581295096798419,-0.3799500870571492,-0.3534527868856665,-0.5850760521945302,-0.5972861719605604,-0.3287603671101905,-0.4964872282211624,-0.5885844215188786,-0.5665185305721808,-0.7118270719248686
2052,-0.6016374841859202,-0.6160125490668703,-0.8424272166934268,-0.3732811977915425,-0.343242094530183,-0.5720978172322395,-0.5889442150797515,-0.32361801256649736,-0.48703494926034413,-0.5770157311582422,-0.5564558085832294,-0.7037285872915675
2053,-0.5936775671344352,-0.6039894462040302,-0.8266355837438754,-0.36660086165112177,-0.33303137934420746,-0.5590189374280474,-0.5805464704509207,-0.3184695443000134,-0.47751348247750847,-0.5654407771242993,-0.546393071208556,-0.6955712407421879
2054,-0.585613712579988,-0.5919203084351635,-0.8107534189405224,-0.3599090371295655,-0.32282064132699695,-0.5458366664375166,-0.5720920969730702,-0.31331493334416494,-0.46792150009984534,-0.5538595478795865,-0.5363303184496306,-0.687353968990568
2055,-0.577443390344555,-0.5798046374074528,-0.7947795063807946,-0.35320568249438733,-0.3126098804784196,-0.5325481439482262,-0.5635802343789541,-0.3081541505260263,-0.45825763576231215,-0.542272031854728,-0.5262675503033741,-0.6790756796768261
2056,-0.569163976721361,-0.5676419266316106,-0.7787126055008581,-0.34649075578529404,-0.3023990967983441,-0.5191503892852807,-0.5550100026482951,-0.3029871664643544,-0.44852048299739283,-0.5306782174483352,-0.5162047667712569,-0.670735250297645
2057,-0.5607727498075523,-0.5554316613037864,-0.762551450404155,-0.3397642148125219,-0.29218829028725135,-0.5056402945619555,-0.5463805013983707,-0.2978139515676002,-0.43870859365024983,-0.5190780930268654,-0.5061419678547494,-0.6623315270868975
2058,-0.5522668845420526,-0.5431733181225772,-0.7462947491669427,-0.33302601715516167,-0.28197746094317333,-0.492014617336089,-0.5376908092509153,-0.2926344760318979,-0.42882047621480246,-0.5074716469245186,-0.4960791535507721,-0.653863323843827
2059,-0.5436434474259587,-0.530866365100971,-0.7299411831198627,-0.32627612015946406,-0.2717666087678153,-0.47826997272879856,-0.528939983174225,-0.28744870983902815,-0.4188545940859512,-0.49585886744311913,-0.4860163238638288,-0.645329420705803
2060,-0.5348993909007961,-0.5185102613730637,-0.7134894061045522,-0.31951448093713786,-0.26155573376043334,-0.46440282495757207,-0.5201270577992899,-0.2822566227543572,-0.40880936372282206,-0.48423974285198007,-0.4759534787878067,-0.636728562862478
2061,-0.5286266995389688,-0.5072424111296246,-0.6997095214999056,-0.3150115686260196,-0.2530369760323721,-0.45309562000615705,-0.5142596797866235,-0.27789620645387936,-0.40024210313020503,-0.47507846424543404,-0.46831436328869863,-0.6317115196382487
2062,-0.5222656549729002,-0.49593784996296764,-0.6858612381422245,-0.31050109296690437,-0.24451819933577468,-0.441668789021452,-0.5083561381219656,-0.2735327640442674,-0.3916114027138108,-0.4659134281651758,-0.4606752375842471,-0.6266696200239088
2063,-0.5158142770075576,-0.4845962232868563,-0.6719437585931316,-0.3059830316788252,-0.23599940367054134,-0.43011876659733284,-0.5024159947868714,-0.2691662854490584,-0.3829160973902126,-0.4567446292523085,-0.4530361016759441,-0.6216025736170803
2064,-0.5092705181217594,-0.4732171713527575,-0.6579562713868335,-0.30145736238221604,-0.2274805890365727,-0.4184418255149981,-0.4964388037563862,-0.2647967605413757,-0.37415498968286,-0.44757206213646494,-0.4453969555652813,-0.6165100848962186
2065,-0.5026322603810586,-0.46180032914914443,-0.6438979506991813,-0.2969240625983236,-0.21896175543376928,-0.40663406680074377,-0.49042411080271536,-0.2604241791435923,-0.3653268485099929,-0.4383957214357679,-0.4377577992492003,-0.6113918530995823
2066,-0.4958973121716277,-0.4503453262983299,-0.6297679560069083,-0.2923831097486257,-0.21044290286203157,-0.39469140900821165,-0.4843714532928375,-0.2560485310269913,-0.3564304079153227,-0.42921560175680634,-0.4301186327322262,-0.6062475721006033
2067,-0.489063404742549,-0.4388517869507646,-0.6155654317367024,-0.28783448115423577,-0.20192403132125988,-0.3826095766513696,-0.47828035997983903,-0.2516698059114237,-0.3474643657382153,-0.42003169769459703,-0.42247945600826753,-0.60107693027953
2068,-0.48212818854285844,-0.4273193296767148,-0.6012895069037407,-0.28327815403530665,-0.19340514081135485,-0.3703840877061638,-0.4721503507877317,-0.2472879934649621,-0.33842738221987784,-0.41084400383255393,-0.41484026908184923,-0.5958796103912091
2069,-0.47508922933855,-0.41574756735525076,-0.5869392947393075,-0.27871410551043674,-0.184886231331605,-0.35801024008938487,-0.4659809365895089,-0.2429030833035522,-0.3293180785418179,-0.4016525147424472,-0.40720107194991295,-0.5906552894288634
2070,-0.46794400409348436,-0.4041361070604558,-0.5725138923070974,-0.27414231259605737,-0.17636730288313462,-0.3454830970126356,-0.4597716189781841,-0.23851506499066366,-0.3201350352925868,-0.3924572249843855,-0.3995618646154673,-0.5854036384837248
2071,-0.4612782599921094,-0.3927260083628751,-0.5586232124212787,-0.27004733838228817,-0.16821012391037418,-0.3333834710598046,-0.4541826084813084,-0.23429582373709637,-0.3112240535659952,-0.38377677064543214,-0.39242853882864925,-0.5809318342726502
2072,-0.4545099588229712,-0.3812782072616238,-0.5446622235977727,-0.26594536709386923,-0.16005292670753687,-0.3211225627111198,-0.4485581486413599,-0.23007402021523526,-0.30224076529707,-0.37509297139837683,-0.38529520378287707,-0.5764393890960344
2073,-0.44763662094840667,-0.36979233467316297,-0.5306300946599465,-0.26183637890635475,-0.1518957112757534,-0.308694770289525,-0.44289781439161424,-0.2258496465757686,-0.29318375147720926,-0.36640582274250955,-0.37816185948116254,-0.5719260833699452
2074,-0.4406556756996626,-0.35826801606763103,-0.5165259796045061,-0.2577203539109301,-0.1437384776137057,-0.29609419511555835,-0.4372011729738611,-0.22162269493326042,-0.2840515509116687,-0.3577153201680256,-0.37102850592196734,-0.5673916939877176
2075,-0.4335644568657934,-0.3467048713611563,-0.5023490172467473,-0.2535972721139299,-0.13558122572191217,-0.28331462013283093,-0.4314677837517114,-0.2173931573659297,-0.27484265853059026,-0.349021459156001,-0.36389514310527005,-0.5628359942441971
2076,-0.42636019789960883,-0.3351025148054953,-0.4880983308551292,-0.24946711343635602,-0.12742395560089087,-0.2703494865753807,-0.4256971980182029,-0.21316102591542507,-0.2655555236146518,-0.3403242351783824,-0.35676177103256584,-0.5582587537579333
2077,-0.41904002681910757,-0.3234605548749152,-0.4737730277747889,-0.24532985771338878,-0.1192666672493242,-0.2571918684576213,-0.4198889587974979,-0.2089262925865997,-0.25618854793010315,-0.3316236436979478,-0.3496283896992829,-0.5536597383912616
2078,-0.41160096078088604,-0.3117785941502412,-0.4593721990395911,-0.24118548469390158,-0.11110936066834244,-0.24383444463839982,-0.4140426006404536,-0.20468894934728543,-0.24674008376758008,-0.3229196801682821,-0.34249499910994974,-0.5490387101681988
2079,-0.4040399002998667,-0.30005622919997677,-0.44489491897228506,-0.23703397403996512,-0.1029520358566275,-0.2302694681769633,-0.40815764941383276,-0.20044898812806206,-0.2372084318786748,-0.31421234003376636,-0.33536159926302833,-0.5443954271900854
2080,-0.39635362308732014,-0.28829305045841386,-0.4303402447723404,-0.23287530532634879,-0.09479469281469806,-0.21648873265957044,-0.4022336220829223,-0.19620640082202734,-0.22759183930380278,-0.30550161872953735,-0.32822819015849697,-0.5397296435488956
2081,-0.3874736042438988,-0.27686672689244624,-0.41548846779928744,-0.22767951151376345,-0.08707986808469974,-0.20313587212992645,-0.39466624740265827,-0.1915491632157433,-0.21808945367471544,-0.29613894190343903,-0.3200811170706854,-0.5327045753300413
2082,-0.3784552303105,-0.26539865095579046,-0.40055135509412004,-0.22247552365296716,-0.07936502707859389,-0.1895932266775288,-0.38704737709764925,-0.18688785799971103,-0.2085023062531962,-0.28677208955269085,-0.3119340338053258,-0.5256312123104112
2083,-0.369294604504023,-0.25388839235993504,-0.38552779424486366,-0.21726331661642634,-0.07165016979813756,-0.1758536300795335,-0.37937626557330634,-0.18222246946440535,-0.19882859382280307,-0.2774010553992658,-0.30378694036239345,-0.5185087652751871
2084,-0.3599876630571553,-0.2423355141302456,-0.3704166509451397,-0.21204286516084808,-0.06393529624141553,-0.1619095023979946,-0.37165215092391946,-0.17755298180911722,-0.189066455005628,-0.2680258331509688,-0.29563983673883004,-0.5113364255045083
2085,-0.3505301655391805,-0.23073957246672214,-0.3552167684158032,-0.20681414392646488,-0.05622040640834858,-0.14775281750823782,-0.36387425445338356,-0.17287937914124696,-0.17921396773381082,-0.2586464165013879,-0.28749272293461076,-0.5041133641253854
2086,-0.34091768446514775,-0.2191001166011067,-0.33992696680735623,-0.20157712743632167,-0.04850550030069406,-0.13337506737757973,-0.35604178017818955,-0.1682016454755899,-0.16926914658214146,-0.24926279912985969,-0.27934559895274413,-0.4968387314364719
2087,-0.3311455941296766,-0.2074166886502335,-0.3245460425823653,-0.19633179009555013,-0.040790577915924414,-0.11876722269614297,-0.3481539143118903,-0.16351976473361585,-0.15922993995248552,-0.2398749747014272,-0.27119846479320525,-0.48951165620431725
2088,-0.32120905859491544,-0.19568882346550315,-0.30907276787707405,-0.19107810619063803,-0.03307563925579676,-0.10391968940340117,-0.34020982473020356,-0.15883372074274082,-0.14909422710004916,-0.23048293686678295,-0.26305132045293594,-0.482131244929645
2089,-0.3111030187545832,-0.18391604847835236,-0.2935058898413629,-0.1858160498886991,-0.02536068431962002,-0.08882226058605192,-0.3322086604158738,-0.154143497235593,-0.1388598149906988,-0.22108667926224138,-0.254904165933428,-0.47469658108210727
2090,-0.3008221783874796,-0.17209788354159306,-0.27784412995617425,-0.1805455952367299,-0.01764571310731508,-0.0734640631429376,-0.32414955088236763,-0.14944907784926909,-0.1285244349776842,-0.21168619550968581,-0.2467570012346566,-0.46720672430188137
2091,-0.2961138017091392,-0.16654337239684647,-0.2706184708247452,-0.17820560097833,-0.014180437650747432,-0.06639870631959843,-0.32052503179129715,-0.14723685157305438,-0.12374500373011607,-0.2073942171889607,-0.24302784306075054,-0.46389787408212013
2092,-0.29136649035042406,-0.1609789866105192,-0.26337229594417205,-0.1758638332600836,-0.01071515864392665,-0.05927182699018108,-0.3168882649350057,-0.14502377340321293,-0.11894304772142908,-0.20310135834456777,-0.23929868273789037,-0.46057800292809564
2093,-0.2865796682984464,-0.15540467688803525,-0.256105474835161,-0.17352028955502086,-0.0072498760892930544,-0.05208211843023162,-0.3132391643086069,-0.14280984183642875,-0.11411832182327333,-0.1988076183689303,-0.23556952026455688,-0.4572470253526189
2094,-0.2817527466624031,-0.14982039356477408,-0.24881787576968098,-0.1711749673307651,-0.0037845899843901992,-0.04482823183621261,-0.30957764299812046,-0.1405950553654016,-0.10927057688394021,-0.1945129966538393,-0.2318403556407477,-0.45390485486996635
2095,-0.2768851232868109,-0.14422608660235797,-0.24150936575498042,-0.16882786404951916,-0.0003193003316584314,-0.03750877449917629,-0.30590361316761483,-0.1383794124788355,-0.10439955963982792,-0.1902174925904575,-0.2281111888664604,-0.4505514039802678
2096,-0.27197618235010973,-0.13862170558489104,-0.2341798105173435,-0.1664789771680519,0.0031459928707466348,-0.030122307878267158,-0.30221698604612096,-0.13616291166142347,-0.0995050126244607,-0.18592110556931185,-0.22438201994017584,-0.44718658415358814
2097,-0.2670252939479684,-0.13300719971515398,-0.22682907448558703,-0.1641283041376801,0.006611289622220899,-0.0226673455673867,-0.29851767191431405,-0.1339455513938323,-0.09458667407497594,-0.18162383498030257,-0.22065284886492503,-0.4438103058136954
2098,-0.2620318136605861,-0.12738251781074747,-0.21945702077428975,-0.16177584240425438,0.010076589922772439,-0.015142351147830233,-0.29480558009095564,-0.1317273301526904,-0.08964427783599593,-0.17732568021269565,-0.2169236756391889,-0.4404224783215084
2099,-0.2569950821032465,-0.12174760830018835,-0.21206351116675043,-0.15942158940814072,0.013541893771797216,-0.007545735919137601,-0.29108061891909404,-0.12950824641057157,-0.08467755326079851,-0.17302664065512527,-0.2131945002614483,-0.4370230099582141
2100,-0.2519144244593407,-0.1161024192189559,-0.20464840609766893,-0.1570655425842099,0.017007201171139574,0.00012414350022950534,-0.28734269575201665,-0.12728829863598135,-0.07968622510968741,-0.16872671569558637,-0.2094653227347342,-0.4336118079080509
