year,CanESM5,E3SM,GFDL-CM4,GFDL-ESM4,GISS-E2-1-G,HadGEM3-GC31-LL,IPSL-CM6A-LR,MIROC6,MRI-ESM2-0,NorESM2-LM,UKESM1-0-LL
1750,0.0,0.0,0.0,0.0,0.0,0.0,0.0,0.0,0.0,0.0,0.0
1751,0.01062437853966855,0.00912166235030018,0.0027885668628348653,0.004444235005050291,0.013133486541735379,0.004309907924712628,0.0007058273572115355,0.007318620642288665,0.0025130000661421903,0.004279470077314648,0.0016279107558468675
1752,0.01668708100889138,0.014277319203381128,0.00435439533622458,0.006971118468232944,0.020766824398743944,0.006713282659405656,0.0010896264230738032,0.01149781449674711,0.0039151239541005065,0.006686489168598583,0.002424226883739583
1753,0.010847111539452281,0.00930825370073185,0.0028428960343370585,0.0045456091084827566,0.013448687852658903,0.004383542165379228,0.0007139562614452647,0.007480507407212747,0.0025581375157588057,0.0043652953692479846,0.001606220483124414
1754,-0.004315044157603809,-0.0037422101204351854,-0.0011548783579240635,-0.0017966258929299206,-0.005188308305505901,-0.0018121554108829624,-0.00030939032411162436,-0.002956631190980011,-0.001052649177888533,-0.0017657948132360907,-0.0008351311186516677
1755,0.0031002098002726464,0.0026571049934427104,0.0008031903005510793,0.0013382442148787352,0.003968706103580466,0.0011990752168056923,0.00018139655606311256,0.0021737871520485924,0.0007090752801965708,0.0012426470240159276,0.00026063255198496144
1756,0.010351969172689518,0.008876672068983932,0.0027050376941250356,0.004361012548327027,0.012925100186316124,0.004145336504268446,0.0006657818998200699,0.007161223795460567,0.0024249240823946278,0.004159681547243457,0.0013994667715567302
1757,-0.01181552363266107,-0.010291884047139793,-0.003186279124755248,-0.004924623602862645,-0.014082192597354937,-0.005016803307177978,-0.0008663810849273701,-0.008090800947616578,-0.002913358484834337,-0.004867555126742633,-0.002423151463876068
1758,-0.0037670807554838204,-0.003291115967481509,-0.0010334611117693362,-0.0015065973733420363,-0.004272550673819375,-0.0016928539989166935,-0.0003151739078097685,-0.002520580083116203,-0.0009679581094690012,-0.0015631850718782273,-0.0011105701871548038
1759,-0.005653259919561088,-0.004911511813594657,-0.0015201132200087647,-0.0023421894734615423,-0.006736129883788078,-0.002400684259513855,-0.000415858175650435,-0.0038612992278698882,-0.0013914413947809096,-0.00232054479795709,-0.0011808011854450434
1760,-0.014955449746046054,-0.013012592195306719,-0.004006526055601367,-0.006330072194789663,-0.018145766414644923,-0.006209107657491886,-0.0010375683386797622,-0.01032976848477793,-0.0036283992271543414,-0.006144273923869979,-0.0025552405239291365
1761,-0.011034145990903257,-0.009615247409062083,-0.0029818103400707854,-0.004577896118344471,-0.013077743950056203,-0.004716911375332866,-0.0008223590222131809,-0.00753615496764852,-0.002734213836749072,-0.004549942407088982,-0.002377436082385366
1762,-0.0033052721947088304,-0.002876824024985819,-0.0008960451251751669,-0.001346504817934975,-0.003854714205264481,-0.0014395837762022634,-0.00025801110941354663,-0.002235928474775009,-0.000828895006401216,-0.0013620506139336505,-0.0008183522835613286
1763,-0.0037349510139491615,-0.003264932346623922,-0.0010266097188539117,-0.0014889635112610919,-0.0042161586465915835,-0.0016870133984040886,-0.000315980802245942,-0.002494390720657075,-0.000963505145649142,-0.0015515398748263548,-0.001130664024505977
1764,0.018804904226364355,0.016035944249970152,0.004862580412746585,0.007934628094831149,0.023822022396571302,0.007392372480172035,0.0011596736763721752,0.013040829886817457,0.004333152681218512,0.007491512733479061,0.002164403827570646
1765,-0.009948949578390695,-0.008659313095298965,-0.002680682527297952,-0.004138888671983185,-0.011855625855206053,-0.004224913026030307,-0.0007304125472468448,-0.0068071600656350595,-0.0024519962729832034,-0.004094209565562362,-0.0020533772169070152
1766,0.0020490861422347295,0.0017047342838726331,0.00047767361799349456,0.0010133213088059714,0.0031681477486156517,0.0005597707011189557,2.5480850844470868e-05,0.0015637759160749692,0.00036582706046875413,0.0007754775718814833,-0.0006266596695132451
1767,0.0005180831106516293,0.00039289524140453946,8.155351026187252e-05,0.00035062939476739746,0.0012001335764914856,-2.9536720168601982e-05,-6.296353346115988e-05,0.0004884134368398074,1.680454822665378e-05,0.00016215630908991696,-0.0007454714983857816
1768,-0.02657120902980073,-0.023298036762063573,-0.007224840234472653,-0.011211499068120918,-0.03159247627425092,-0.011319370775445939,-0.0019500679178360587,-0.018282960031204817,-0.0065982566635724715,-0.011049923731260888,-0.005348600078709735
1769,-0.013027686626014237,-0.011388666884088891,-0.0035512956155411626,-0.005349659853932438,-0.015170371511722347,-0.00568784553488328,-0.0010184275157516676,-0.008840877800819366,-0.0032830244195074174,-0.005402107554025315,-0.0031997837456755607
1770,-0.013473842145175136,-0.011786889217330468,-0.0036798473620913777,-0.005520515780716592,-0.015629535653486792,-0.0059092719332827365,-0.001063963808146235,-0.009130963132240877,-0.0034077828337409355,-0.005593923501112,-0.003397387201677503
1771,0.004120606955367617,0.0035136492521818385,0.0010501954821452789,0.0018172980285924428,0.005447900551372065,0.0015204034805591238,0.0002115667734666725,0.0029280075063328886,0.0009097486710420086,0.0016360585480638956,9.771658600069011e-05
1772,0.012448760253268243,0.010643225276525309,0.0032273941208767615,0.0052873252530851456,0.015777187052507163,0.004887578816740776,0.0007622617292979087,0.008657779182866004,0.00287131887451008,0.004976732770206327,0.0013651184850004341
1773,0.008898071475479413,0.007616303014124387,0.0023079607860142584,0.0037985638233379235,0.01130325428277501,0.0034811924125148636,0.0005386699846143192,0.0062036365343096506,0.0020491061839072178,0.003562257603611771,0.0009148042745903695
1774,-0.01830957615576051,-0.01597830363407833,-0.004938364745398743,-0.007713650878895646,-0.021966264788049222,-0.007711445409422472,-0.001312874666389234,-0.01260422431429882,-0.0044956784364642705,-0.0075592903299439435,-0.0034698990813021094
1775,-0.007651289763713348,-0.006668179333082225,-0.0020748951524875575,-0.0031387741691326423,-0.00896169979822739,-0.0033167183888687113,-0.000589786487716534,-0.005193707247284393,-0.001914375640803663,-0.003157908586663767,-0.0018212333158033889
1776,0.0018524471259337705,0.0015577707864350976,0.00044875007927190624,0.0008758533690116158,0.0026917963098160858,0.0005795028183826489,5.278637985136128e-05,0.0013738958685058228,0.0003632427478068301,0.0007157753306605702,-0.0003151478492227494
1777,-0.011702298789905044,-0.010210383212328741,-0.0031736750656974344,-0.004833544560528889,-0.013767833653661882,-0.005047164464965566,-0.0008900645877644702,-0.007970578092965766,-0.0029202258050759072,-0.004836300148340904,-0.002670174649566613
1778,-0.021080778068354927,-0.018442691593847246,-0.005718549236883488,-0.008844254840356162,-0.025046219501838843,-0.008987464177577828,-0.001554007608418017,-0.014469472940930456,-0.005229123495139619,-0.008739601688273847,-0.004335442725827136
1779,-0.009462649079349864,-0.008245079767922867,-0.002560073815725601,-0.003908370515878536,-0.011166372180132611,-0.004066165461545118,-0.0007143024002387571,-0.006447355170381974,-0.0023530203674282657,-0.003902527134033093,-0.0021197351783430185
1780,-0.02465781436340385,-0.021565541901652455,-0.006659897396906395,-0.010477508144370963,-0.029688427518489394,-0.01033797086082245,-0.0017432570634697588,-0.01704258523763623,-0.006045169347300483,-0.010209099888143558,-0.0044184262883348036
1781,-0.017449001427452537,-0.01525309386561792,-0.004736588315217366,-0.007267717542479513,-0.020617665833760054,-0.007488570058876945,-0.001308646725933102,-0.011932571718333493,-0.004345456640507089,-0.00722834966301035,-0.003795624468187736
1782,-0.012690974812604089,-0.011065931278888483,-0.003431391767655681,-0.005275732632545604,-0.01505067243804109,-0.005421439868901895,-0.0009436049040483733,-0.008675588577465074,-0.0031447109103903415,-0.005237511438956691,-0.002709362847616935
1783,-0.008585269634466097,-0.0074965668696323345,-0.0023409772036271093,-0.003496905572297364,-0.00993870577280323,-0.003772633935565123,-0.0006822833678529587,-0.005802342249608142,-0.002171358378571221,-0.0035555536095337875,-0.002214184059903715
1784,0.005731606593609412,0.004864585324891785,0.0014398474373918668,0.0025714221203625848,0.007783342093747869,0.0020285342349685015,0.0002597329864204457,0.004117280784999525,0.0012266843359086052,0.002256356812702115,-0.0001537322578496897
1785,-0.013730417718144497,-0.011983723787869063,-0.003720640107568382,-0.005698289613966151,-0.016221049573846555,-0.0058930258494858875,-0.0010316309655753735,-0.009375256671625934,-0.0034156274098271003,-0.00567548905367804,-0.0030176413833111967
1786,-0.004086585034730833,-0.003620484376729169,-0.0011722802471746605,-0.0015127928647351851,-0.004121379962645916,-0.0020579757460345433,-0.00043184697152353485,-0.002614727564411501,-0.0011484186359933257,-0.0017403281282305089,-0.0019638021920657667
1787,-0.01405338598653992,-0.01230071046997222,-0.003843129563641509,-0.005751747284539123,-0.01626348339936845,-0.006180517950315469,-0.0011164232630907732,-0.009516781503940502,-0.0035626003495726408,-0.0058399516500160925,-0.0035974639305671116
1788,-0.03939463414299803,-0.034741099006843426,-0.010789899393370727,-0.016798638489638425,-0.046733044447638594,-0.016834582613378862,-0.0028949949897098537,-0.02721718926643711,-0.009845077590191268,-0.016518608743131505,-0.007812707460385447
1789,-0.025420164918331475,-0.022299386126735835,-0.006930195341382145,-0.010660902539753735,-0.030009933796192656,-0.010924504974816084,-0.0019056833962004284,-0.01743170787555015,-0.006352877183438507,-0.010583274614211234,-0.005462809303155826
1790,-0.02775949314803179,-0.02437000181855177,-0.0075706756397609445,-0.011682016449207674,-0.03282908501420041,-0.011905037754156612,-0.0020686698270173613,-0.019067109907784804,-0.006931429541555102,-0.011568250161400041,-0.005842085447041373
1791,-0.01043559773539851,-0.009164201578052367,-0.002894077707512724,-0.004147859685066153,-0.011624199119693313,-0.00478537650917913,-0.0009099887530925766,-0.006950460767181227,-0.0027296225932777543,-0.004366554367430921,-0.0033655349294498607
1792,-0.003939933426552189,-0.0035330294673917018,-0.0011738814483035556,-0.0013535468678970153,-0.0035321309842072934,-0.0021741501785770417,-0.0004935484900913598,-0.0024177506982230035,-0.001191445809906412,-0.0017156851884913282,-0.0025448925913492265
1793,-0.004653511649650166,-0.004140714304733201,-0.0013526871806557386,-0.0016819387932325916,-0.004518490392270563,-0.002419133062830911,-0.0005224377742860439,-0.0029372568526178228,-0.0013415449510179728,-0.0019975344450621144,-0.002494015762652922
1794,-0.03189803892062773,-0.028072559261627217,-0.008737720128113927,-0.013426508025700681,-0.03752641502980604,-0.01377070811694879,-0.002409763675230058,-0.021897585883599913,-0.008015727977540958,-0.013343944634223302,-0.00694842517877927
1795,-0.021393873097894395,-0.018777217433407878,-0.0058643018580662246,-0.008834581100731508,-0.024835538856286768,-0.009379848275538075,-0.0016826590766309425,-0.014547123958664518,-0.005422899835417085,-0.008923129666939957,-0.005286380281640107
1796,-0.01022076718077193,-0.00898179256433436,-0.002841459751386055,-0.00404424990549318,-0.01131241499171562,-0.004718283632533404,-0.0009041102052065458,-0.006789775568047801,-0.0026872208474374507,-0.004282414889200337,-0.0034053004942121157
1797,-0.02410806762666276,-0.02119650796248948,-0.006630132686149447,-0.009949752044413382,-0.027862379775766805,-0.010627117621219949,-0.001917417757954976,-0.01638018541220125,-0.006141646642001966,-0.010082879798875614,-0.006116043849645231
1798,-0.03187164318653794,-0.028099955651534392,-0.008783104071266978,-0.013288549166574619,-0.03699324256619156,-0.013986151399570344,-0.0025008558521103074,-0.021757932221110082,-0.008110743678246317,-0.013378535698310864,-0.007724327799319905
1799,-0.02757990670872111,-0.024278926171524953,-0.0075917605621270215,-0.011434837644285684,-0.03193747149201073,-0.012132701703633404,-0.0021802520432567685,-0.018779147506676197,-0.0070225872609309195,-0.011553644506521049,-0.006855862536505046
1800,-0.03536893541515154,-0.031218529713356966,-0.009752034728387277,-0.014823528400776102,-0.04116593705774414,-0.015472887252571545,-0.0027514573442703073,-0.024205402534499376,-0.0089890067726702,-0.01486769514040652,-0.008334557030554378
1801,-0.029281336857527165,-0.025813400945157827,-0.008085499257394137,-0.012115091118640432,-0.03373071881441059,-0.012962307172970693,-0.0023463717741516264,-0.019908076928089616,-0.007496112509311238,-0.012295147734649785,-0.007528957833724481
1802,-0.029677757444783667,-0.026210551659761744,-0.008241317803723718,-0.012176353137163795,-0.03375924166602361,-0.01333064428163911,-0.0024568218448926173,-0.020077596904167994,-0.007684959780704437,-0.012503478250225186,-0.008287193793425435
1803,-0.019759796247987238,-0.017425106919422187,-0.005509084839982914,-0.00791456633016318,-0.021989719668763813,-0.009082081917065686,-0.0017262200543344697,-0.013201763870530167,-0.0051930302491761254,-0.008317808143408864,-0.006339226518600666
1804,-0.015223513158681867,-0.013481716514935474,-0.004320038280793019,-0.005867253799714464,-0.016094496151294962,-0.0073639437542869016,-0.0014815915924625972,-0.009953536658889664,-0.004158657271683221,-0.00646481745180736,-0.006181385336394785
1805,-0.03075782588979456,-0.027168404512558725,-0.008537004551193612,-0.0126535291132455,-0.035073853031244925,-0.01377860545718912,-0.0025299347325322043,-0.020837511191806546,-0.007950660239758718,-0.012959293628419584,-0.008441754255004527
1806,-0.02624380008085117,-0.023191895407361676,-0.0073248920346623905,-0.010613722922284644,-0.029370119558594573,-0.011999676257308647,-0.0022619892582883983,-0.01761567482503605,-0.006883116653845049,-0.011076942852526292,-0.008106814470323673
1807,-0.03304072479076882,-0.029244517065631498,-0.00921339529092461,-0.013544359378602953,-0.03737251179337128,-0.014942105140706312,-0.00277312872812544,-0.022329902064581658,-0.008610079346050795,-0.013968480139375183,-0.009508836272798867
1808,-0.056937915845975615,-0.05075249857813548,-0.015902330471212336,-0.024270894151205563,-0.06597115564203754,-0.02507855112271916,-0.004457876826923168,-0.03921564241845983,-0.014645483394943579,-0.02427851928888434,-0.01328140407985326
1809,-0.045200275290786754,-0.04011708668470862,-0.012579384403519814,-0.0189862956523072,-0.052096688471776564,-0.02002106523836006,-0.0036031986788384925,-0.030925138294970442,-0.011634385466698764,-0.019162039337464,-0.011243299983689684
1810,-0.0487465250600989,-0.04332837626834429,-0.013588762484779537,-0.02054811878217431,-0.05620194862080012,-0.02158908345082504,-0.0038790012924234778,-0.033400800430902336,-0.012559871913499093,-0.020708523348017593,-0.012014602488554064
1811,-0.03627757067751282,-0.03215166981407849,-0.01013016533059767,-0.014921892409386475,-0.04106041702751781,-0.016399637433201296,-0.0030385492272544407,-0.024553779217938637,-0.009460354455441179,-0.015365076213111777,-0.010350890791623414
1812,-0.026356637192586796,-0.0233505772257378,-0.007416559497824521,-0.010517161590959584,-0.028919576537370942,-0.012308789045376155,-0.002377103705991278,-0.01755403220064125,-0.007028250064763299,-0.011177265358985368,-0.009023791316662484
1813,-0.031284783742664274,-0.027714783194218634,-0.008762857999161613,-0.012691193833416756,-0.03493666593641784,-0.014347602023282079,-0.00270935631573436,-0.02102087410303978,-0.008237539378303061,-0.013252736274934424,-0.009720911512419037
1814,-0.05653239112006346,-0.05044100335356129,-0.015847138474709,-0.023941540398815048,-0.06494485297957794,-0.02516062860337394,-0.004534850275892141,-0.038792134045837826,-0.014657422658825279,-0.024153039586925842,-0.01410042600818813
1815,-0.04854035501130963,-0.04321132717553547,-0.013602778938021691,-0.02028213213992129,-0.055291399257545976,-0.02180910938369944,-0.003991471265554755,-0.033091427087951,-0.01264654598046236,-0.020681814270363016,-0.013042623736615848
1816,-0.04477060858790925,-0.03984288607810246,-0.012576115389959275,-0.01851243403129091,-0.05049432022941429,-0.020339574681460554,-0.0037793866900200056,-0.03035510342219446,-0.011751703932112788,-0.01907850517745572,-0.012899670140784004
1817,-0.05062718807691641,-0.04515959922909216,-0.014255040858399664,-0.021069247387396184,-0.05718786921158439,-0.022974169692518642,-0.004253643289588903,-0.03442277752344983,-0.013301733197677013,-0.021644146133925478,-0.014324967628449162
1818,-0.06368706419482942,-0.05707411817270244,-0.017996656280485374,-0.02696187233933834,-0.0724570402901169,-0.028695186090990546,-0.005238913786492707,-0.04364277368082766,-0.016708828467811666,-0.0273981484008856,-0.016825675626627366
1819,-0.05600344979921164,-0.0500362945727201,-0.015776652538173393,-0.02350872183410018,-0.06359097468155779,-0.02527382168568297,-0.004637750752703198,-0.03823645136471111,-0.014675801622348529,-0.02399074707809922,-0.01518808402368961
1820,-0.06682956709985284,-0.05993699683781423,-0.018879561328924637,-0.028460311196542677,-0.07634997766406207,-0.02996814707072802,-0.005431061806195249,-0.04592971736281084,-0.017485648278231004,-0.028774739993580538,-0.017038767051323934
1821,-0.06403414562966783,-0.05739707342841102,-0.01810150133048652,-0.027108993607564663,-0.07282021857790923,-0.02886749384404374,-0.0052733475378398224,-0.04387837833917295,-0.016808968770001962,-0.027556441740778023,-0.016959254210939793
1822,-0.060768228350027556,-0.05440630293163336,-0.01716286926554529,-0.025616599110348835,-0.06898489979572095,-0.027444258009765486,-0.005031264925240591,-0.04155946512982628,-0.01595751423673355,-0.026110092256404017,-0.016380118626313694
1823,-0.051447809225369776,-0.04596516630223063,-0.014552053134676297,-0.02128316293874099,-0.05756512225147643,-0.02360375430256198,-0.004427586893434511,-0.034856013779863866,-0.013637187396604307,-0.022058197416770058,-0.015417605863250423
1824,-0.05070587056232838,-0.045328096136662874,-0.014378635295821295,-0.020861131018395367,-0.05634764102066123,-0.023440646273055747,-0.004438191429399602,-0.034248623275608424,-0.013517560814376817,-0.0217666689257733,-0.015826649795423635
1825,-0.0628837561135904,-0.056424441710104134,-0.01785612649534978,-0.02637638318052168,-0.07069977576879784,-0.02872998045806676,-0.005339223024675835,-0.04286882062299435,-0.016674196179056244,-0.02712094442174636,-0.0180109000834065
1826,-0.05651082009623583,-0.05061864396383915,-0.016047017871012946,-0.023436397555159208,-0.06304461025838438,-0.026029206345553335,-0.004896900157151069,-0.03831204670508847,-0.01504976248599792,-0.02432306762541748,-0.017121457384256134
1827,-0.06412464224430958,-0.05762215419321716,-0.01827635769038313,-0.026792472629358997,-0.07159129959818511,-0.0295391286694378,-0.005542681761505717,-0.04360905310080592,-0.01712008494891148,-0.027726328308472388,-0.019153970787283175
1828,-0.08963051396804653,-0.08129248640176648,-0.025745076774796084,-0.03868272243229792,-0.10131274223510678,-0.040798770724282785,-0.007468822054574357,-0.06184624878688712,-0.023899727308784136,-0.03924940999084907,-0.023736905447955477
1829,-0.07871167556983082,-0.07109523182901051,-0.0225217995955439,-0.033531557966850166,-0.08861747245028345,-0.03596324741365836,-0.006643714627560422,-0.05400426846445027,-0.020977073047068272,-0.03427060363963397,-0.021819233832139233
1830,-0.0861487578072018,-0.07825168195255072,-0.024946673267646706,-0.03646683772786619,-0.09525601851827584,-0.0402386364759036,-0.007618100533616752,-0.0588253134979564,-0.023416386410404805,-0.037858366519861755,-0.026529635263138257
1831,-0.06969523626198945,-0.06294253395516114,-0.020094528732170287,-0.028853458422299076,-0.07627777543115559,-0.03285630088980645,-0.006324782020924462,-0.047109987546432995,-0.01898287069523699,-0.03038999400154912,-0.023174595403615834
1832,-0.0649503789770439,-0.05859989855304304,-0.01874492608236893,-0.026616043227428787,-0.07048972496918775,-0.030878167022632137,-0.006010956574764654,-0.04367914713653609,-0.01778152520808688,-0.028294156423336797,-0.022664031126228147
1833,-0.06947222114814695,-0.06276841985675997,-0.020062835562495832,-0.02867112030719449,-0.07572143063935698,-0.03289834470843881,-0.006366317995504417,-0.04687723884955732,-0.018987932227346474,-0.030319027836519498,-0.023614900097170502
1834,-0.09124517036047797,-0.08304370738859221,-0.02647373938086228,-0.038852659352684046,-0.10106558434392196,-0.042561320015649315,-0.008029868817363742,-0.06246494575872741,-0.024815610297678772,-0.040208865803743166,-0.027626459231735973
1835,-0.08199852049092836,-0.07442404450465742,-0.023771884205815302,-0.034388366159621056,-0.08997646926199981,-0.038613990910672503,-0.007393101230718634,-0.0557318696380795,-0.022402647361423396,-0.03600997018627807,-0.026531353801056982
1836,-0.0857114513983471,-0.07802584048134227,-0.025010676266897958,-0.035793894772264294,-0.09307345432559619,-0.04085884068894845,-0.007926227758593953,-0.05808441846395948,-0.023673071853487257,-0.03782739453823644,-0.029252783527499212
1837,-0.09097489741732256,-0.0829708677812437,-0.0265848611499747,-0.038261835764460836,-0.09911089371436235,-0.0432459959712589,-0.008347415535939276,-0.061849482560038284,-0.0251132893059237,-0.04025189471817581,-0.03035016973842217
1838,-0.10220116888532321,-0.09362364822916844,-0.030005731717049157,-0.04351943655939903,-0.11168821342318112,-0.048491089862401075,-0.009303878618929411,-0.06984990641590305,-0.028272293730674768,-0.04550603228342216,-0.03310710291786133
1839,-0.09725513058483602,-0.08896534033911634,-0.02854389914070269,-0.041068982495155885,-0.10572175782110149,-0.04638903447249274,-0.008971498300920547,-0.06620776439378073,-0.026974170748090866,-0.04322614566481989,-0.03262929229155999
1840,-0.0999558620453832,-0.09158075153292446,-0.029419931569784896,-0.04221436322062402,-0.10831612578676719,-0.04786605411932808,-0.009292065118002391,-0.0680234372339253,-0.027834770695263012,-0.04453819889693969,-0.034025998123379114
1841,-0.10771850869551994,-0.09902259712234227,-0.0318365898617113,-0.04581588303155979,-0.11674532869500565,-0.05163676838774091,-0.010010959365685896,-0.07351215014564354,-0.030096723090740487,-0.048233139942446115,-0.03636081018666459
1842,-0.10208591431007871,-0.09372429705615165,-0.030194033960009838,-0.04292509194424179,-0.10967836498092065,-0.04937196591782877,-0.009688638143760874,-0.06928080122941883,-0.028672564884934082,-0.04564733948523521,-0.036291999251937976
1843,-0.0892502322592166,-0.08166786044806862,-0.02640610107339602,-0.036635607937527265,-0.09421704511593476,-0.04388290607067817,-0.00880573469496797,-0.05987068368082149,-0.025294521754816637,-0.03975107409201928,-0.034858453656915825
1844,-0.09069726246266258,-0.08316419387755769,-0.026982567622110668,-0.036971152428947426,-0.09465041015833335,-0.04513814537999854,-0.009173579581898215,-0.06059345948086002,-0.025967591196715895,-0.04054393625137999,-0.037204541422448036
1845,-0.10684701156092324,-0.09857707325184029,-0.031981841448669286,-0.04440064247537917,-0.11230694173106456,-0.05295380200394767,-0.010666813589078637,-0.07198880142176442,-0.030650436512360525,-0.048181972836213935,-0.042066952854204746
1846,-0.10046024068925369,-0.09251835464219396,-0.030059961176309085,-0.04127953990721759,-0.10476929495988405,-0.05013178618716753,-0.010191785622249806,-0.06732455491827564,-0.028917285663149828,-0.04520020648712081,-0.0410985171552984
1847,-0.11515326824775311,-0.10665592378995781,-0.034661377246942515,-0.04812322791987759,-0.12076751715421187,-0.05729806785288026,-0.011566169674083785,-0.07773712133948814,-0.03322942937806265,-0.05223612958899741,-0.04555591258456533
1848,-0.13424747637740644,-0.12517530802058618,-0.04062722352002936,-0.05757726689769228,-0.142523497461982,-0.06615344865970187,-0.013135650159953577,-0.09168085094201421,-0.03867976816724155,-0.061467208062634546,-0.049396445827365985
1849,-0.12731118830400023,-0.11850042906858929,-0.038539036950220464,-0.05388199816090717,-0.13387567563610708,-0.06331516459163311,-0.012730229669997881,-0.0863975334851786,-0.03686971770324758,-0.058169955196256465,-0.049348000606364184
1850,-0.13363870547618173,-0.12474743446287909,-0.04061484741894857,-0.05683594784789494,-0.14039489203752764,-0.06661089496548474,-0.0134026324896863,-0.09085221277378693,-0.03885300000388745,-0.06132715631306018,-0.051812881540930306
1851,-0.11687616066975283,-0.10854084515096163,-0.035436163063240766,-0.04837992280071979,-0.12073936915835423,-0.059096113617071844,-0.012133701022603496,-0.07846836651417602,-0.034185214278705155,-0.05327157390866877,-0.04932744247400732
1852,-0.10931541817584821,-0.1013787818536275,-0.03320891607447857,-0.04445447938272243,-0.1111887468017413,-0.05604506437945002,-0.01169777975231813,-0.072754426040643,-0.032253777389331176,-0.04976168954832312,-0.049242173496157796
1853,-0.11661460400194502,-0.10845160523212406,-0.03552897997849066,-0.04783187662056051,-0.1189990984533355,-0.05969549958163842,-0.012418600237040141,-0.07790347442591736,-0.034447813169278536,-0.05329868101226269,-0.05172201249104879
1854,-0.14445681555504597,-0.13590095004792685,-0.04462543872122413,-0.060922326420644775,-0.14817062309129148,-0.07401764176622345,-0.01530953343664223,-0.0976090218318037,-0.043102146354780775,-0.067160029337027,-0.06195432830449632
1855,-0.13365430136439796,-0.1253502515941343,-0.041251604946886435,-0.05531379134916508,-0.13533415669021073,-0.06921783271466563,-0.014517638935797344,-0.08952076960562601,-0.040082446860322925,-0.06188920142173423,-0.06066024642055399
1856,-0.13359638114611935,-0.12544643144927636,-0.041397608135930714,-0.05488685481880909,-0.13393931151339628,-0.06986585839722176,-0.014802291354830405,-0.08912856630351748,-0.040384261811633446,-0.06200504296602049,-0.06293165198485476
1857,-0.14651515767166778,-0.1381764969631113,-0.04554768085601415,-0.06133600588257778,-0.14844463080872325,-0.07605823489185352,-0.015944611991409414,-0.09857749560971368,-0.044214160811106046,-0.06841403562774902,-0.06600334445834873
1858,-0.15353445663184662,-0.14518009179567196,-0.047858782584450026,-0.06482240353969786,-0.15606577357904483,-0.07956381956087463,-0.016621262057313825,-0.10367645246707467,-0.046375744893543874,-0.07196823249715714,-0.06806550567972594
1859,-0.1542654803092363,-0.1460858211753263,-0.04828912330177427,-0.06473014234608938,-0.1553882992296609,-0.08069762060174503,-0.017024080343844256,-0.10381411565857059,-0.04696778673384774,-0.07250606570420252,-0.07087737323155663
1860,-0.15947723842663344,-0.15155418072582377,-0.050277651117419254,-0.06671793890012938,-0.1590448967878998,-0.08435988833228401,-0.017984371858159806,-0.10707644609154557,-0.049087366734919854,-0.07539655216051999,-0.07594156788970127
1861,-0.15945748427204853,-0.1516996789035759,-0.05045073173081653,-0.06627177440782243,-0.1576271102439765,-0.0850788754725963,-0.0182987795152719,-0.10668730946450422,-0.0494300016507992,-0.07554449246748214,-0.07838724871469413
1862,-0.1583537892776547,-0.15061530405903462,-0.050110655519594774,-0.06565032194906689,-0.15621057592121163,-0.08463595418096317,-0.018239512742971323,-0.10582388826421393,-0.049139327541373595,-0.07500288732867591,-0.07843727308509438
1863,-0.15059056120211248,-0.14313724938902905,-0.04786110345508307,-0.06099292520815942,-0.14518283164071275,-0.08205803356530411,-0.018051900145663387,-0.09948934357162764,-0.047356980461652994,-0.0713297656653352,-0.08053844452329015
1864,-0.15485862948146004,-0.14764392430027212,-0.0495309348416237,-0.06248934450582122,-0.14781808398031454,-0.08524120136203656,-0.01892172541961605,-0.10205608321485828,-0.049180562970411845,-0.07372769731494548,-0.08529095440429255
1865,-0.17570445120015307,-0.16875686285212932,-0.05657423680251092,-0.07294914407141533,-0.17028910522511115,-0.09592763795368076,-0.021049363770920343,-0.11725308316447913,-0.05582084951140598,-0.08454815654959935,-0.09199517073396862
1866,-0.1692394954811059,-0.16239992630589,-0.05462319836526708,-0.06905706823211281,-0.1613893077779246,-0.0936136474321921,-0.020829150839595408,-0.11199988631661625,-0.054233987450237504,-0.08138239206459189,-0.09329713347118787
1867,-0.18516353632228905,-0.1788594287589445,-0.06026535695681155,-0.07674158383636932,-0.17715138959296095,-0.1025713887459197,-0.022794770122353966,-0.12330841984436686,-0.05973658505671271,-0.08994307841389387,-0.1008379985836251
1868,-0.20372186879272963,-0.19809008643227738,-0.06672085935157696,-0.08656086047535613,-0.19734253363663445,-0.11210369143977085,-0.024668403722995676,-0.13712698406689272,-0.06578047743847129,-0.09992421651338959,-0.10624092600006413
1869,-0.19427179614014978,-0.1886501626207911,-0.06384570697111516,-0.0804787159646772,-0.18388205113864747,-0.10894610539641277,-0.024466633278856183,-0.1292008233049264,-0.06352283779222924,-0.09519068616609974,-0.109154842829892
1870,-0.20762248884680518,-0.2026073839869637,-0.06858016430203666,-0.08747811543371603,-0.19805532308422055,-0.11603743625928278,-0.025916902230644794,-0.13907426244641924,-0.06800996516493281,-0.10248173859066384,-0.11372094675808045
1871,-0.19625487504999733,-0.19118068466028382,-0.06505952679281529,-0.08025309570129556,-0.18214915482439067,-0.11204078575043563,-0.025586372746305,-0.12961600561247047,-0.06518744915016522,-0.09672080122422477,-0.11655947358732904
1872,-0.1900561981179646,-0.18536573542485935,-0.06356585318428587,-0.0753748191727593,-0.1703091446963143,-0.11148623160303514,-0.026118199665746154,-0.1236438533175658,-0.06445306114376348,-0.09397435410532104,-0.12330835880158023
1873,-0.21236377956609723,-0.20881774493618316,-0.07162987803483498,-0.08670049135453552,-0.1932407592294314,-0.12388339970770884,-0.02880636642847123,-0.13988703592104829,-0.0722492132363877,-0.1062971926988927,-0.13273487586439764
1874,-0.22074380875366767,-0.21735639426790315,-0.07428641187274199,-0.09210257901269203,-0.2049196776605277,-0.1269072152288958,-0.029077329187633828,-0.14689194710845835,-0.07439583536348124,-0.11064186895503869,-0.13081507816212254
1875,-0.20902425982773354,-0.20552731261458754,-0.07068432196482413,-0.08430818921648718,-0.1877767494097848,-0.1230986332476649,-0.028883656647665797,-0.13688816605875653,-0.07160517528519539,-0.10467275107853742,-0.13482876945137232
1876,-0.21779283939962707,-0.21483855792953852,-0.07389985352948394,-0.08884353150743565,-0.19679892105824895,-0.12800184614098317,-0.02995022785677124,-0.14331808315400807,-0.07471268730902923,-0.10959527222962812,-0.13850957893757543
1877,-0.2237524812595852,-0.22134269964267084,-0.07625727142970198,-0.09158696737011277,-0.20181420694091717,-0.13194510660674152,-0.030947422641087432,-0.1474000641490768,-0.07714052023177895,-0.11310915209805779,-0.1429334628356564
1878,-0.22892989841600436,-0.22688137979164055,-0.07816507928910846,-0.09436705668318798,-0.2072798711360136,-0.13478304677203964,-0.0315485866152697,-0.15126290821910868,-0.07896387659716508,-0.11604814538649419,-0.14484609127020087
1879,-0.24153325942052103,-0.24077143445335697,-0.08320475435372317,-0.1003778159228845,-0.21811348146296586,-0.14306777492469402,-0.033629426922917774,-0.16002698264631865,-0.08412376198192037,-0.1235949739873431,-0.15380792495467596
1880,-0.24618999718899043,-0.24665268164660475,-0.0858892259091428,-0.10065816625714798,-0.21646094740980865,-0.14923488309516708,-0.03581094539919264,-0.16170604499430888,-0.0876168934787078,-0.1271294220632044,-0.1669889411128178
1881,-0.2510142901343294,-0.25220417717138643,-0.08805037523677779,-0.10251132280139233,-0.21923436303816662,-0.15319236132578057,-0.03696908232138288,-0.16469815804184457,-0.0900165634774924,-0.1302493934951448,-0.17281855761668674
1882,-0.2509750000505424,-0.25264292251366466,-0.0885791746763843,-0.10115494532819658,-0.2153453314898145,-0.1552514052418006,-0.03791529382929082,-0.16360387898842865,-0.09106343102785966,-0.1307099166886287,-0.17936707434833837
1883,-0.24441252964711285,-0.2461828784143234,-0.08686390528842611,-0.09564273055038122,-0.20275885589017584,-0.1545604250475623,-0.038476635112839816,-0.1571235067430873,-0.09018505896101423,-0.1275562245804444,-0.18617716533876794
1884,-0.25573048132389053,-0.25853777177364934,-0.09117739790357093,-0.10187459311215724,-0.21487215107578517,-0.1608894303345437,-0.03985807922453351,-0.1656750637581243,-0.09433266255922045,-0.13421103477547136,-0.19047306603741412
1885,-0.2619375526618274,-0.26534732963261215,-0.0935509750373186,-0.10537897979554073,-0.22161460316492615,-0.16431543697604137,-0.040591958477854156,-0.17041709459446658,-0.09659789618207615,-0.13788850295536959,-0.19262917367560406
1886,-0.2599997740907375,-0.2633768927032231,-0.0929884598909844,-0.10383815038262739,-0.21823704668373772,-0.1639292228187752,-0.04067741221999868,-0.16858373059296064,-0.0962411651653288,-0.13689780826234849,-0.19408692903245864
1887,-0.27270065531371324,-0.277708628507011,-0.09824605221873679,-0.110210554779165,-0.22955088932970263,-0.1723156917121831,-0.04281203762407379,-0.1776355174655942,-0.10161548005480478,-0.14481710997404806,-0.20266870143303373
1888,-0.29710800550654826,-0.3058364812146269,-0.10877726456382131,-0.12230570616693792,-0.24994032789198956,-0.18935064114765404,-0.04733830772359114,-0.19481756670452904,-0.11256971753749809,-0.16059870654229902,-0.22146699143418372
1889,-0.29106783542479464,-0.299120433835775,-0.10648204380885845,-0.11843332424573894,-0.24258571520036165,-0.18637981960979025,-0.04680024437987594,-0.18989854834877695,-0.11049319392971513,-0.15694858843786316,-0.22070630916493775
1890,-0.3084308264388449,-0.3196427703681279,-0.11443047568737949,-0.12643040219629764,-0.25501541652676285,-0.19977452020999475,-0.050628774538050106,-0.20161996192135,-0.11905975515562123,-0.1686907506920608,-0.23763403113358733
1891,-0.29991426141291366,-0.3107334530793706,-0.11188593372853706,-0.1190854671856327,-0.23957707473169026,-0.19827125165374648,-0.05113524857073966,-0.19325146180079095,-0.11752650745875373,-0.1641276857030303,-0.2447225039810053
1892,-0.29642951999091594,-0.3071478871248804,-0.11090003901784878,-0.11598814840211724,-0.2328622089624998,-0.19783477234664304,-0.051422797353353034,-0.1897394137999674,-0.11699665349200869,-0.16231822977659555,-0.24810067550277395
1893,-0.30127762691883264,-0.3124529293893348,-0.11263500907220969,-0.1194062957400242,-0.23971738601483913,-0.19977704255535866,-0.051652046066349,-0.19393911085997934,-0.11844350546060167,-0.16516229368666072,-0.24740071387422674
1894,-0.3239157218441385,-0.33856052724351327,-0.12210264700523543,-0.13264145539304628,-0.2632471692697147,-0.2134335739453016,-0.054869869746542135,-0.21134646176315752,-0.12772301186451404,-0.17979457065685422,-0.2575360763167516
1895,-0.32528847283051643,-0.3410211253177385,-0.12369134930074327,-0.13096373017388993,-0.2580186605822058,-0.2179251509546124,-0.056815003752723345,-0.21053581222081313,-0.13026712155870368,-0.18160017567921938,-0.26905360702951964
1896,-0.32100648383778235,-0.3366609330117276,-0.12259744330390088,-0.1266389973061581,-0.24869202905097376,-0.21794563865306843,-0.05744879408672504,-0.20587425066174692,-0.12989966343485082,-0.17943892237250056,-0.27487147082520713
1897,-0.34043441077734343,-0.3597383925130227,-0.1313259328671172,-0.1372382387575861,-0.26636794912088346,-0.23126749777635047,-0.06099494015097488,-0.22020258095655465,-0.1388780987947163,-0.19269174014483859,-0.28790829356943715
1898,-0.34830898690062373,-0.369828760298484,-0.1356732465455806,-0.13975275287573838,-0.26862816817977725,-0.23939011691624368,-0.06375279747663051,-0.22467056247454498,-0.14405367135778516,-0.198840039718665,-0.3010071991885967
1899,-0.3724643510682799,-0.3997333164598651,-0.14757788067314828,-0.15186610150047045,-0.28653996726042763,-0.2585194741173903,-0.06943437461306193,-0.24157403128098554,-0.15692926633287219,-0.21658848339209902,-0.3238015764442035
1900,-0.3791129931760178,-0.4086173286130945,-0.15158156830068562,-0.15361141434049502,-0.2872641004715828,-0.2661502041904595,-0.07217288546923765,-0.245068507710061,-0.1618523029068811,-0.22217948402373172,-0.33668804623410287
1901,-0.38150542684541766,-0.41230655602339517,-0.1536075116793669,-0.15279959276740693,-0.2838401572253703,-0.27090510576834764,-0.074158097510942,-0.24529365979768286,-0.1647706841321738,-0.2247270335168021,-0.34695919985594736
1902,-0.3844479467627625,-0.41645108475246506,-0.15562631471300017,-0.1529997518806676,-0.282678954741282,-0.27508317408474237,-0.07577682497373862,-0.24643423661363772,-0.16742559472153368,-0.22743617461955393,-0.3548137747465584
1903,-0.39416350209696405,-0.4299184435419,-0.16200858358393944,-0.15450187003124852,-0.2809490678906217,-0.28773497157958017,-0.08057889263942239,-0.2508170171853175,-0.17560462696593904,-0.23615663746425242,-0.37726473397167615
1904,-0.4123626349342704,-0.4523198911635248,-0.17042843721154968,-0.16675983499722447,-0.3014375321171576,-0.2988624798446229,-0.08329255912978191,-0.2657137661614839,-0.18382847373271965,-0.24940604336346808,-0.3842587467245736
1905,-0.4292352767793225,-0.47454705107115225,-0.1798481034928074,-0.1747698947741307,-0.3114410593867556,-0.31415813409953586,-0.08833681627432366,-0.27710161823809354,-0.19447851044933723,-0.2633053041919595,-0.4040891155427866
1906,-0.4377060862961402,-0.4862774838117513,-0.1852264229248981,-0.17740868177068644,-0.31296011537296553,-0.3237986521681537,-0.09189057745645021,-0.2818602232552706,-0.20105176365384367,-0.27093240191627366,-0.41918482762737597
1907,-0.47398949094074444,-0.5346026143739195,-0.20549596171140647,-0.19767665922192984,-0.3399485911760499,-0.35437218702641127,-0.10168175332518373,-0.30826034876032027,-0.22329765319723247,-0.3015053291445786,-0.4538661203930725
1908,-0.4672369365866312,-0.5247772616782386,-0.2007371826702832,-0.19615602410365834,-0.34034220850942143,-0.34564151458724557,-0.09826063473974456,-0.304865541803648,-0.2172584691049059,-0.2948557844654096,-0.43942023672112573
1909,-0.47526875395070445,-0.5364268800468122,-0.20634897296568652,-0.1981003396151472,-0.34018421496939283,-0.3558558600758486,-0.10224225261448376,-0.3089940022905048,-0.2243428932570806,-0.3027234875484246,-0.4561348490733046
1910,-0.49706100905592976,-0.5657436188001219,-0.21854109086411214,-0.21190324179749212,-0.35893950516147755,-0.3731141884041315,-0.10758210718788883,-0.3257818653860454,-0.23736857180729978,-0.32146283746881477,-0.4733338360633962
1911,-0.48739691004755603,-0.5535377137338223,-0.21416879564181815,-0.20299823383313598,-0.34437842795548623,-0.3688805030156037,-0.10702669686120184,-0.31653195180161087,-0.23367859109990935,-0.314073563643677,-0.47473021224770595
1912,-0.49242583067058643,-0.5613767278334727,-0.218332791590698,-0.20279087298366352,-0.3409169933635189,-0.3771245336103311,-0.11053705333900078,-0.3181955701211846,-0.23935536772882424,-0.3196553943530578,-0.4897188674994717
1913,-0.5156685863510635,-0.5934945189764554,-0.23222343303427745,-0.21631677827280188,-0.3578635722018138,-0.39749682749538295,-0.11736435675767776,-0.33531577380976474,-0.2547789362449913,-0.34070549407034745,-0.5125726303434796
1914,-0.5038433635511308,-0.5753899661873257,-0.22294694809078763,-0.21489405014173288,-0.36167159109732866,-0.38026245087840893,-0.11019885731558882,-0.33014072800588945,-0.24258098395455382,-0.32791420307741526,-0.48324114626799586
1915,-0.4932699019255497,-0.561690842842339,-0.21776361866692098,-0.20599197390977855,-0.34777960990311607,-0.3744633018594029,-0.10896931730474724,-0.32058703906295943,-0.23778948078693407,-0.3194234561786414,-0.48175273718833944
1916,-0.5130628568160289,-0.5900798149222052,-0.23091773131556692,-0.21408611959134757,-0.3543990491082326,-0.39605035676839967,-0.11704931631771591,-0.33294402655843885,-0.2535656305099481,-0.33856297336782776,-0.5121771156805894
1917,-0.5313053076720586,-0.6155505826737482,-0.24198856169810204,-0.22515149662020434,-0.3681559744571502,-0.4119523900756834,-0.12239418709492624,-0.3466055991419861,-0.2658142336578593,-0.3554354254355305,-0.5295239023226317
1918,-0.5323145020263211,-0.6165883596649235,-0.24211676158315087,-0.2270319786978737,-0.3716856682006116,-0.4113164348399091,-0.12186188445054157,-0.34815710876376343,-0.26552163564916126,-0.35592459895464357,-0.5266322215371175
1919,-0.49011341363327315,-0.5565591170960844,-0.21488653057056725,-0.20677705349880537,-0.3514227056151297,-0.3684459791690121,-0.10632076269124721,-0.3199709297186286,-0.2337068388355467,-0.3156741436341725,-0.47009299409484917
1920,-0.5190677281998555,-0.5974494669122775,-0.23328010400035232,-0.22090902762379214,-0.3660788982842762,-0.3973460392255402,-0.11667014085229058,-0.3394743824808547,-0.2550690011320328,-0.34290668520259043,-0.5078583734908151
1921,-0.46484214967685106,-0.5226201920999047,-0.20070114047391505,-0.1914580302784949,-0.33075692474172946,-0.3479119645256466,-0.09985767789970677,-0.30088861002863854,-0.21838256152060612,-0.29402047540388965,-0.44857079490007556
1922,-0.47186976681205944,-0.5332029938559036,-0.20611295624823442,-0.19183107699123325,-0.3274933945017084,-0.3584820462582544,-0.10420974341279118,-0.30362667075796235,-0.22558786511666779,-0.3013559547233533,-0.4673810260341148
1923,-0.5337343614732619,-0.6184309013090166,-0.24278939645811468,-0.22842025555536186,-0.3738749632169115,-0.41194281223552925,-0.12194408621980846,-0.34954675844312394,-0.2660892094355892,-0.3570712105347029,-0.5264162900825865
1924,-0.5179876483217405,-0.5973457605019221,-0.23442267569429392,-0.21566410956125434,-0.355001130136481,-0.4020138631590805,-0.11939584196596938,-0.33573965939591527,-0.2579185030453917,-0.34357707191085735,-0.5211364749156613
1925,-0.5209673032236171,-0.6016429797764504,-0.23641158848116223,-0.21698640651255816,-0.3561839171803986,-0.4051844045090186,-0.12058151023795485,-0.33766637817006295,-0.2602836149345295,-0.34649597603081506,-0.5254226555333648
1926,-0.5176934003343043,-0.597483835267894,-0.2349466693062063,-0.21369125750141033,-0.35070892212905524,-0.4039438659479788,-0.12049683744868216,-0.33437106290407964,-0.2591177497955287,-0.3439571318397463,-0.5263833407179881
1927,-0.5440214792486695,-0.634629764549602,-0.2513227277874065,-0.22924514784634165,-0.3694837935060991,-0.42762941055436743,-0.1286691107253958,-0.353829065868528,-0.27745910835298426,-0.3688209992657947,-0.5529153952112063
1928,-0.5432794306328432,-0.6335081815950336,-0.25076911049832634,-0.2290174519009607,-0.36943470901067493,-0.42669813815199226,-0.12829227843686114,-0.35341414545800753,-0.27676427067771553,-0.36802867599854655,-0.5515203811277972
1929,-0.5686794321520463,-0.6699774807936975,-0.26706822998434465,-0.24450175957498824,-0.3874778153781394,-0.4498842534708808,-0.13642748654601047,-0.37234964485734995,-0.2950747344735905,-0.3928762092346991,-0.5772873474970553
1930,-0.5580788920898864,-0.6528269927553899,-0.2577804196609173,-0.24422387187290448,-0.3932794467556549,-0.4328169210675699,-0.12891531708743903,-0.36826165518091203,-0.28251941871062813,-0.38013590647509393,-0.5481556853428974
1931,-0.4994565088889267,-0.5711011617222644,-0.2225752126517387,-0.20662872703688795,-0.34556235855101836,-0.3835201144217812,-0.11272218565435976,-0.32322138921717625,-0.2441343939706666,-0.3260274344469964,-0.49729297943628903
1932,-0.4730453812560049,-0.5331900746352273,-0.20478305956087325,-0.19757810260282738,-0.34027016446156333,-0.3530042270570877,-0.10112490692240363,-0.30786081899025197,-0.22236045254917294,-0.30053027160331724,-0.4514655798170306
1933,-0.48288254905485545,-0.5472969102716555,-0.21142720879967852,-0.20070211020778952,-0.34174262208891926,-0.36461305869162397,-0.10554935659486361,-0.31341531646582454,-0.23054847096745323,-0.3099946439708767,-0.46936298728319825
1934,-0.5225809688565097,-0.6018352362505422,-0.23474520614317684,-0.22473605573663782,-0.3724276733951628,-0.3983418646016172,-0.1165734192416507,-0.3431736260018009,-0.2561027242731749,-0.34553392313811276,-0.5059054470127742
1935,-0.539952906012341,-0.6273145358734064,-0.24677419874553919,-0.2319010225919082,-0.3777376627657265,-0.4178566150111299,-0.12404007538446375,-0.3539950988859465,-0.2706300837522663,-0.3630729825101448,-0.5334987146035071
1936,-0.5735381731605644,-0.6751560210128569,-0.26777862596121216,-0.25389344911980993,-0.40426127098332726,-0.4469599363031007,-0.13386149376010345,-0.37984687224550806,-0.29372071891129786,-0.39542157647141424,-0.563886452613656
1937,-0.5903599598002063,-0.7009947130903181,-0.280570297648908,-0.26024049411074696,-0.4072302756261905,-0.4675111535133159,-0.14219883585294613,-0.3899120782441842,-0.30956888184164794,-0.41402586836371863,-0.5934611083353271
1938,-0.5569123130330157,-0.6525897653558403,-0.25891354829892715,-0.23865888674603314,-0.38212746070564074,-0.437466177683085,-0.13171720689685237,-0.36441391203697915,-0.28543555250343466,-0.38075064893412414,-0.5612725760244401
1939,-0.5906626324874785,-0.701027054753106,-0.2802239229693912,-0.26185679950919155,-0.4103630389237763,-0.46616770183678236,-0.14137772923561578,-0.3909874287238704,-0.3086984439399614,-0.4138207677874989,-0.589776820352733
1940,-0.6116823458380993,-0.7337969182320931,-0.2966891205131773,-0.26968863536772186,-0.4134950328611054,-0.4923151273277729,-0.15219073359350505,-0.40351252125602755,-0.32922486921790395,-0.43780337202507535,-0.62708256820121
1941,-0.6225679509780067,-0.7506248943989091,-0.30495587966188015,-0.27492521070895076,-0.41735450291730525,-0.5046862731692405,-0.15717497727438776,-0.4106942729613751,-0.3392287097828314,-0.45010310005554816,-0.6432444669960409
1942,-0.6390746441166205,-0.7748767840707641,-0.3156677634299082,-0.28831854026249937,-0.4337693979876796,-0.5177682695790944,-0.16146357027529962,-0.42468753597623754,-0.350591003358684,-0.4671876956828438,-0.653986169332314
1943,-0.6404139335035703,-0.7774568524538495,-0.3173670959361056,-0.2872678005259978,-0.43086944775259817,-0.5211650581607903,-0.16318258746742734,-0.4246015765939383,-0.3531743847647826,-0.46937028939304537,-0.6603856269229926
1944,-0.6360844038899588,-0.7704365600389697,-0.3136742942131098,-0.2859674723260085,-0.43099648832746945,-0.5152826552556736,-0.16061842780859173,-0.42220371253142,-0.34843973825502467,-0.4640285257167195,-0.65178070215774
1945,-0.5891884131093192,-0.6997034007882483,-0.2803586852950368,-0.2580118032454094,-0.4033424623834594,-0.4681127124920791,-0.14276808544438133,-0.38814457885650516,-0.309830055149709,-0.4133618670970155,-0.5964045841948715
1946,-0.5803722639962501,-0.6871564894396951,-0.2749778464854624,-0.25119449530447213,-0.3944996694138642,-0.4613610433968768,-0.1406498690544892,-0.3807594718791442,-0.30418390327555656,-0.4048339135685668,-0.5908925536077697
1947,-0.616051821021817,-0.7412819525524119,-0.3009982638869462,-0.2691647530778347,-0.409706480723684,-0.5001718506949436,-0.15586009386610616,-0.4048630400118677,-0.335237261637673,-0.44366644155368384,-0.6404923764176659
1948,-0.6395068424793985,-0.7762579440897883,-0.3169653082430668,-0.2860165146672391,-0.42896311206164883,-0.5209917157380534,-0.1632662962664701,-0.4235408761411116,-0.35293115979920386,-0.4686029415256144,-0.6610917134473058
1949,-0.6335805490175372,-0.766262257006951,-0.31138026778926575,-0.2856548990224459,-0.4319285921935946,-0.5114048557851678,-0.15886170876904834,-0.4210695694632141,-0.34537815666221383,-0.46079579883792016,-0.6456450031232985
1950,-0.6868659121677199,-0.8476495395941835,-0.34939623220490207,-0.3248715172031721,-0.4734825694584763,-0.5605060367868648,-0.17684420468101691,-0.4634043654729032,-0.3879168264633902,-0.5203378827227119,-0.6953644856270463
1951,-0.6757236417699706,-0.8334363430589249,-0.34547121939705516,-0.305288660378064,-0.4437073179963108,-0.5617861851231486,-0.17999436952293482,-0.4483565150016846,-0.38730087607424785,-0.5115619346892588,-0.7120264114592224
1952,-0.6889848350480592,-0.8533597240565346,-0.35434905659676225,-0.3175146243706576,-0.4585218240053517,-0.5717611144499966,-0.1831957414741425,-0.46023646447509775,-0.3965208545734165,-0.5260495471654734,-0.7188842331401262
1953,-0.7064238231553458,-0.8799610001871702,-0.3664409411417428,-0.3333947677064464,-0.47684322863990697,-0.5855529252610785,-0.18781667813893815,-0.4756223841471239,-0.4092978035378597,-0.5457035255965931,-0.7292574827030445
1954,-0.7104895487467124,-0.8863038729984161,-0.3694365042379818,-0.3367780741972924,-0.48041702835149064,-0.5891668857959483,-0.18913931229560957,-0.47901989282221447,-0.41260246214352636,-0.5504892868899977,-0.7325595501528068
1955,-0.7435675840267626,-0.9403567331236284,-0.3970333947353715,-0.3578035532743528,-0.4968757465111062,-0.6258931410166768,-0.20454116924641558,-0.5031070786445841,-0.4455993892801394,-0.5930494972455999,-0.775538285530074
1956,-0.787070867868564,-1.0107290908267719,-0.4315573472166303,-0.3961015566035872,-0.5341553131282741,-0.6661507115498385,-0.22003522322562294,-0.5398091570970892,-0.4842062703183173,-0.6487360975269988,-0.8124479137030057
1957,-0.8200743213228676,-1.064879214874354,-0.45827320416536105,-0.4284822864333442,-0.5650249781701091,-0.695617293839946,-0.23121752929715866,-0.568782917866701,-0.513608798818776,-0.6926221585555349,-0.8371521736066815
1958,-0.8059846844459934,-1.043435636289038,-0.4494401024016387,-0.40714708593863236,-0.5400925940555671,-0.6897094050605133,-0.2307846962416861,-0.5528557494501293,-0.5064213594833114,-0.6762993489024297,-0.8414125444095977
1959,-0.8252578484384981,-1.0765980150249193,-0.46728938114175256,-0.42078214976907,-0.5495713006530344,-0.7119167104434271,-0.24068702323922087,-0.5672582610483801,-0.5280301633202579,-0.7043792149142099,-0.8665277537477035
1960,-0.8411852434053835,-1.1042280470061103,-0.48228047487107945,-0.4324630544901351,-0.5576893084083181,-0.7302212470759033,-0.2489208205171521,-0.5793095703478761,-0.5461732516128888,-0.7281026998723362,-0.8868871767448041
1961,-0.9032575463548038,-1.2122296957507275,-0.5402967549966792,-0.48881987853229886,-0.6021322699425642,-0.7953614466087596,-0.2774009928555611,-0.6306282915185358,-0.6141745204950247,-0.8226633540230521,-0.9509620842690787
1962,-0.9032663747961694,-1.213596985911584,-0.5424482372782627,-0.4828428391388293,-0.5933589846813595,-0.8002874957621003,-0.2808272821113757,-0.628019216198476,-0.6186182042400932,-0.8248460832046427,-0.9612488459449909
1963,-0.9384790371406069,-1.2741142932424911,-0.5734820252991889,-0.5273486525595752,-0.6334889776691385,-0.8294530525039739,-0.2918685261213117,-0.6619968450344548,-0.6519147619536573,-0.8784424509964667,-0.9800984524826275
1964,-0.9304771673368255,-1.2632533219234778,-0.5711408330649224,-0.5034795103619243,-0.6051451598806494,-0.8335874276207896,-0.2969796963569688,-0.648499045397651,-0.6542237109872303,-0.8709494790082708,-0.9981209269225115
1965,-0.9433076824240614,-1.286315696416612,-0.5840250592389616,-0.5161328348829498,-0.614557787992781,-0.8472662283029222,-0.30324126736982876,-0.6593487643882785,-0.6694689095414347,-0.8923328675902779,-1.011136775064449
1966,-0.9510792922394357,-1.3009360346152987,-0.5928624756655755,-0.5212268072235169,-0.6164741551155091,-0.8576542049670786,-0.30856286149731676,-0.6648215615027311,-0.6807871433539604,-0.9064404574836881,-1.0232358869663514
1967,-0.9590464571395176,-1.3137243371815548,-0.5983046381796252,-0.536994124814276,-0.6330910111425818,-0.8602431357507473,-0.3082263293989631,-0.6747878071261227,-0.6848042732555942,-0.9172600625196952,-1.019210749141135
1968,-0.9682623839394329,-1.3320295305937753,-0.6103270486487906,-0.5393305873183785,-0.6300424145643257,-0.8755945948233864,-0.3167737255580289,-0.6797185457885695,-0.7013169295832495,-0.9357644435511127,-1.0396229335786373
1969,-0.9742619944343262,-1.3442541691307177,-0.6186619764270096,-0.5395871345407114,-0.626245070796716,-0.8865303867881494,-0.3230641079830379,-0.6824227154726771,-0.7130959563421575,-0.9484013654807364,-1.054678385137081
1970,-1.0050383836175931,-1.400819760825855,-0.6511126122680634,-0.5729166938358095,-0.6502736681762669,-0.919170614736895,-0.33839146432618117,-0.7092085311699129,-0.7515391892177378,-1.0033019083964794,-1.084411011259557
1971,-1.0114750041187186,-1.4121796139855882,-0.6570634391248595,-0.5828744627224338,-0.6590034293644692,-0.9240056401159455,-0.34013500394072993,-0.7159342627573632,-0.7577211864983341,-1.0140633074237138,-1.0866062280413789
1972,-1.0464894733547592,-1.4754626524709666,-0.6916260748988576,-0.6344233368389509,-0.7004180163220223,-0.9536005342836338,-0.352087883198377,-0.7509752877513579,-0.7952613523215665,-1.075819069829824,-1.104687813777144
1973,-1.0484385555335445,-1.482276011005705,-0.6992218837108577,-0.6209221489633985,-0.6823079555457685,-0.966746512092195,-0.3615232825570644,-0.7467775290983472,-0.8092767636074987,-1.0853028223993193,-1.1284325376865232
1974,-1.0436406105912055,-1.4727130482582844,-0.6929697117822563,-0.6178783473429517,-0.6818092441706735,-0.9597782927911318,-0.35764260821638527,-0.7435114810095845,-0.8010081456837014,-1.0751238276252675,-1.1202630218698937
1975,-1.0314047892988096,-1.4498465638444336,-0.6796205212825532,-0.6030628535790755,-0.6714311145658463,-0.9470673071309209,-0.3516296281135792,-0.7324895297569318,-0.7852996547240636,-1.0520550681933878,-1.1093066869957882
1976,-1.0649586238991864,-1.5124663712650228,-0.7159576840997649,-0.6463119531578547,-0.7023157686589302,-0.9806685485018727,-0.3672178494793685,-0.7635237673079944,-0.8274801742926503,-1.1155225952002175,-1.1366929406158324
1977,-1.0700119667535135,-1.522171993385723,-0.7218773502100627,-0.652017899866269,-0.7057561812165137,-0.9864345402819358,-0.3701257168495048,-0.7678548179882292,-0.8346880007176446,-1.125692946962375,-1.1421523277868102
1978,-1.07863447386902,-1.5378284457216729,-0.7303714394170473,-0.6667953697562228,-0.7175331549004523,-0.9929467005075142,-0.3725202921892098,-0.7770478335068081,-0.8435315512286932,-1.1414172013362696,-1.1449031829373215
1979,-1.088287768620461,-1.5563681381190717,-0.741629254715748,-0.6786615529252272,-0.7249025300349159,-1.0035550138722404,-0.3777856538892958,-0.7855959255019512,-0.8570500298951894,-1.1610143028905944,-1.1544593341742475
1980,-1.085746007416696,-1.5514265780855225,-0.7385614234536915,-0.6757954687506669,-0.7232832732813788,-1.0005753438638678,-0.37625174075981643,-0.7834413451659408,-0.8532792130860126,-1.1557299123766094,-1.1515819262443994
1981,-1.0684039277546322,-1.5180476638187443,-0.7181821074284508,-0.6555107826607446,-0.7110702722977059,-0.9809687255851177,-0.3663971129426816,-0.768418669526659,-0.8285661227348122,-1.12052399556322,-1.1332659351655534
1982,-1.0907186789504997,-1.5566439696340548,-0.7366704392796244,-0.704768510622251,-0.7530742830621024,-0.9906954935851557,-0.3669974109476509,-0.7959337162917364,-0.8439069045841098,-1.1576230575965072,-1.1259828149853732
1983,-1.050631378839224,-1.4840546436034678,-0.6975925626558858,-0.6354605960998203,-0.6988788788840351,-0.9607945103625235,-0.3563201259285423,-0.753182701418484,-0.8035856115056905,-1.0852162698767418,-1.1141422158387901
1984,-1.0646365219800922,-1.5097442227738174,-0.7119084835036951,-0.6567253203878939,-0.7150789480109813,-0.9728928096974376,-0.36133123741866624,-0.7671994325083149,-0.8192594412977673,-1.110972485223947,-1.121690657724682
1985,-1.0707802603118155,-1.5208674629924865,-0.7179060281741823,-0.6672154137729519,-0.7233497473618028,-0.9775190188619087,-0.36300637778158373,-0.7737275387829495,-0.8254772961695728,-1.1220546531316025,-1.1236114156293506
1986,-1.072204330654866,-1.5234121872811304,-0.7192347526888946,-0.6698571573492335,-0.725490542466593,-0.9784583107019383,-0.3632917077481973,-0.7753122149303693,-0.8267830625710072,-1.1245652185164738,-1.1237877199286275
1987,-1.092744342132836,-1.5616449203136396,-0.7409904963658619,-0.7015763037126423,-0.7481734156883434,-0.9968168026359133,-0.3711294357083201,-0.7957013362015702,-0.8508777302475378,-1.163851401797348,-1.1358097134404714
1988,-1.0974881995592956,-1.570837976127647,-0.7466373639461868,-0.7073901024583165,-0.7515459098435583,-1.0021825824900272,-0.37382376822047747,-0.7998408256592899,-0.8577047084523924,-1.1736777485185963,-1.1408053531067606
1989,-1.0903144770334636,-1.557947359842963,-0.7398887808737862,-0.6933532573290923,-0.7404902564875543,-0.9976184080052425,-0.3725191468934304,-0.7917212966103617,-0.8511714755751935,-1.160748688870478,-1.1403290033237634
1990,-1.0985136961306177,-1.5724696985789446,-0.7472238040444861,-0.7105415041547013,-0.7543779587426931,-1.0020775340757129,-0.37341661341446225,-0.8013978736549741,-0.8578307353230464,-1.1751257325884583,-1.1393551966156295
1991,-1.1515490521897198,-1.6687852170152297,-0.7980219439718484,-0.8214148360677798,-0.8351841036169194,-1.034979140006251,-0.3821156171943591,-0.8620569653829641,-0.9062501796493032,-1.273988753883273,-1.1396300470794791
1992,-1.072539490001906,-1.5225544898938606,-0.7169925704898581,-0.6779857952815019,-0.7346944576772012,-0.9735163280940436,-0.3593770180595299,-0.7783959853579319,-0.8216842019912933,-1.1224371775351505,-1.1134775218156605
1993,-1.0788095725942766,-1.5325771719471113,-0.7207386025173516,-0.6959643629424985,-0.7509887183159577,-0.9733633666986137,-0.3573053473340491,-0.7875876216113638,-0.8229448084204175,-1.1312793487104977,-1.1055046164403446
1994,-1.1122492430323074,-1.5914443809078558,-0.7497996678237864,-0.769050619809289,-0.8076279965128141,-0.9899462482184194,-0.3594921237536509,-0.8275508554432738,-0.8481510906109669,-1.188968594832333,-1.0972587975764994
1995,-1.0767733242782986,-1.525968825041351,-0.7136291992106161,-0.7074018526589266,-0.7649079983090602,-0.9614145246814209,-0.34873947080920975,-0.7907659128051134,-0.8100646493477418,-1.1221337409608425,-1.0835162346872476
1996,-1.0608426115115868,-1.4963719118503636,-0.6968696147373441,-0.6834995609192754,-0.7485074130364403,-0.9467971802706066,-0.34252581440863333,-0.7752828886807447,-0.7914566276889751,-1.0921435430439719,-1.0733588089432848
1997,-1.1419898364227898,-1.6439094467503066,-0.7752280667441467,-0.8409660586056078,-0.8593056294638343,-1.0024092112973133,-0.35937851364051454,-0.8642086471952353,-0.8686004999554663,-1.2410905781486223,-1.0837100971481768
1998,-1.1312672812128994,-1.6227192680291753,-0.761993534891772,-0.8265074604868039,-0.8521112067860085,-0.9898942700863566,-0.35312605927331925,-0.8548858618180901,-0.8526688665936573,-1.2177740493484885,-1.0715320405629623
1999,-1.0467113930050362,-1.4664088093092562,-0.6755167498094912,-0.6822652679145446,-0.7559229164753002,-0.9198088289116917,-0.3264519666468066,-0.7687374282075748,-0.7610725639203106,-1.0590069768768888,-1.034851232322315
2000,-1.024534377401796,-1.4275334356548683,-0.6559623350897271,-0.6418230445597652,-0.723584936070746,-0.9058891410695192,-0.3227732128373613,-0.7442173901501434,-0.742451328580248,-1.022252447916466,-1.0338810430795127
2001,-1.0276027375481032,-1.4333784858389909,-0.6594804856632726,-0.6449144905986884,-0.7252755994006037,-0.9095894313075047,-0.3246105364612848,-0.7466992346386869,-0.7467663062120349,-1.02815196974958,-1.0377620129324563
2002,-1.0783881044443466,-1.5231351300529457,-0.7050531295673864,-0.7400142644276292,-0.7984275729529104,-0.9416579914929406,-0.3330786944719606,-0.8029430572832412,-0.790178286152215,-1.1142825348745569,-1.0396647335323
2003,-1.097320551992548,-1.559577973017508,-0.7269664772964302,-0.7646819100934434,-0.8122233482286713,-0.9626889263331758,-0.3431450916926653,-0.8196022110975839,-0.8161166373361057,-1.1524965423178686,-1.0593494372985341
2004,-1.101392035536,-1.570030793684136,-0.736335478875678,-0.7564986437429339,-0.8014955734111805,-0.9766008910869628,-0.3526141851263159,-0.8185628543168469,-0.8315447559928157,-1.16576295541392,-1.0834743778110567
2005,-1.1211603511875385,-1.608575393608753,-0.7600306429473731,-0.7822634756751503,-0.8154468480457139,-0.9990551348832807,-0.3637164239171615,-0.835877540958791,-0.8599535641907617,-1.207271499705496,-1.1046521656667072
2006,-1.136946735461621,-1.6380737638730267,-0.7765429721387721,-0.8115914479393926,-0.8346095215551085,-1.011604063544569,-0.36838142980722,-0.8524691330099595,-0.8772261965213533,-1.2382510826769648,-1.1101294857332946
2007,-1.129042202321036,-1.6230841688036792,-0.7678907485975992,-0.7978671390381878,-0.8260622270403264,-1.0046108336923845,-0.3654857331329817,-0.844505303584791,-0.867790755589517,-1.2222781277806454,-1.105918958600693
2008,-1.1062017507654582,-1.579823403129331,-0.742851479985475,-0.7603505934348683,-0.8024930300449598,-0.9836615113964143,-0.3565521876334154,-0.8219667099342741,-0.8400868989465659,-1.1766109777135587,-1.0920006129783735
2009,-1.0908357875995378,-1.5490714993588772,-0.7229767020813705,-0.7456799435323889,-0.7968017445575423,-0.9628054483441192,-0.3453343277734032,-0.8102702893814986,-0.8147291108381106,-1.1430927036234801,-1.0682432413432188
2010,-1.1142377605704774,-1.5910690393192266,-0.7445312339618118,-0.7943338487696681,-0.8314492629244467,-0.976728875771513,-0.3485006902163738,-0.8369143680343019,-0.8347157533718442,-1.1849359272267208,-1.0665564037314215
2011,-1.1003618125932824,-1.566452525969382,-0.7322979151568966,-0.7634832824303064,-0.809204384918685,-0.9696983914112771,-0.34758653555004104,-0.8205046057439618,-0.8241000591621932,-1.1606201849412365,-1.0702378562982775
2012,-1.1217667205982975,-1.604495752300989,-0.7512444169560609,-0.8113345041621952,-0.8433457336749485,-0.9805697764724712,-0.3489963914540065,-0.8458080440213122,-0.8405447266269256,-1.1983197868492468,-1.0645011890214566
2013,-1.0974143632193254,-1.5594881909304097,-0.7265933209415396,-0.7662274907059775,-0.81371479413739,-0.9618018652363627,-0.3424282834915586,-0.8201707191312055,-0.815221334987354,-1.1521732404406952,-1.0573200351172778
2014,-1.1192129719495716,-1.5988833262363689,-0.7470613312581564,-0.8111761575733298,-0.8446751476596972,-0.9753975544868092,-0.34580357181258264,-0.8446571875009694,-0.8345141787149534,-1.1917254580847143,-1.0568118082336175
2015,-1.0642455768452828,-1.491643725223366,-0.6811715250957094,-0.7446790652217459,-0.8113723218292822,-0.9094857132813622,-0.31317035212816363,-0.7985543740960588,-0.7547101413031388,-1.078161636540163,-0.9885861078872652
2016,-1.0461359791267575,-1.456867016627069,-0.6602825929240064,-0.7238222138350707,-0.8004948590486927,-0.8879352279387553,-0.30275948078230314,-0.7835188798081971,-0.7295521994657937,-1.0425957713669525,-0.9658986810376379
2017,-1.0275640004327597,-1.4214896146805016,-0.6392682945648591,-0.7029651929179878,-0.7894030971488459,-0.8659120182896912,-0.2922488731265822,-0.7681852158429872,-0.7043084918500969,-1.0070294638319304,-0.9424948543099035
2018,-1.0085054093618946,-1.3854904027153012,-0.6181271161425926,-0.6821080024666014,-0.7780884222399851,-0.8433948792701441,-0.28163659971113414,-0.7525413164841105,-0.6789784316880002,-0.9714627139253622,-0.9183279048767887
2019,-0.9889340183451623,-1.3488471306133936,-0.5968575161933768,-0.6612506424792951,-0.7665416904004784,-0.8203611462187973,-0.2709206745494928,-0.736574368488713,-0.6535614261692027,-0.9358955216356089,-0.8933463845689787
2020,-0.9688214672511839,-1.3115363322087996,-0.5754579249907837,-0.6403931129521732,-0.754753183279209,-0.796786557768092,-0.26009905288794455,-0.7202707480326724,-0.628056876357912,-0.9003278869510304,-0.8674934603771133
2021,-0.9660488133996225,-1.3067087834598365,-0.5730181320147146,-0.6362262136548146,-0.7516445919292392,-0.794646395217489,-0.25940059887817235,-0.7175104820547507,-0.6255779992056244,-0.8959855563952264,-0.8665091768868137
2022,-0.9632655508930916,-1.3018698294252837,-0.5705766378335427,-0.63205930759022,-0.7485187417485314,-0.7925016610099844,-0.2587016999428874,-0.7147403273292547,-0.6230982919335054,-0.8916432192466567,-0.865523584618582
2023,-0.9604715982385742,-1.2970194160865676,-0.5681334400731985,-0.6278923947589372,-0.7453754400253603,-0.7903523355724897,-0.2580023555148798,-0.7119602127478053,-0.6206177539853951,-0.8873008755027622,-0.8645366800872828
2024,-0.9576668730004173,-1.2921574890404326,-0.5656885363546392,-0.6237254751609441,-0.7422144908021475,-0.7881983992059463,-0.25730256502585497,-0.7091700664322613,-0.6181363848045685,-0.8829585251647921,-0.8635484597938413
2025,-0.9548512917857398,-1.2872839934952816,-0.5632419242938372,-0.619558548796219,-0.7390356948021579,-0.7860398320842426,-0.2566023279064297,-0.7063698157235692,-0.6156541838337466,-0.8786161682327268,-0.8625589202251693
2026,-0.9520247702295527,-1.282398874267469,-0.5607936015017628,-0.6153916156653092,-0.7358388493541116,-0.783876614253118,-0.2559016435861298,-0.7035593871704097,-0.6131711505150854,-0.8742738047065461,-0.8615680578540894
2027,-0.949187222979592,-1.277502075777552,-0.5583435655843693,-0.6112246757670536,-0.7326237483146466,-0.7817087256290576,-0.25520051149338796,-0.7007387065176374,-0.6106872842901795,-0.8699314345874994,-0.8605758691392601
2028,-0.9463385636808532,-1.2725935420464984,-0.5558918141425846,-0.6070577291019998,-0.7293901819885529,-0.7795361459981723,-0.25449893105554017,-0.6979076986945095,-0.608202584600066,-0.8655890578730276,-0.8595823505251002
2029,-0.9434787049598234,-1.2676732166918445,-0.5534383447722909,-0.6028907756701261,-0.7261379370467028,-0.7773588550150684,-0.25379690169882285,-0.6950662878026957,-0.6057170508852131,-0.8612466745643805,-0.8585874984417112
2030,-0.9406075584083992,-1.2627410429238095,-0.5509831550643157,-0.5987238154719797,-0.7228667964415973,-0.7751768322017042,-0.25309442284837036,-0.6922143971040712,-0.603230682585531,-0.8569042846615378,-0.8575913093048019
2031,-0.9328026247529285,-1.2487521358658997,-0.5433499255121801,-0.5902717767755726,-0.7172663630150687,-0.766901650404,-0.24955735524381673,-0.6856015357140574,-0.5944423445253831,-0.8441742275911617,-0.8493785831035022
2032,-0.9249130390238745,-1.234667029173074,-0.5357000191645592,-0.5818197102389607,-0.7116096608687035,-0.7585576976466265,-0.24600884767744732,-0.6789316319587647,-0.5856435637203492,-0.8314441138482886,-0.8410738402479729
2033,-0.916936944800514,-1.2204843905770486,-0.5280333629921891,-0.5733676158619605,-0.7058955478300819,-0.7501438213008242,-0.24244882590838626,-0.6722036931774887,-0.5768343153237154,-0.818713943433684,-0.8326749954142166
2034,-0.908872423917485,-1.2062028599405834,-0.5203498834850495,-0.5649154936449582,-0.7001228465932647,-0.7416588395149907,-0.23887721497071374,-0.66541670057025,-0.568014574399983,-0.805983716346208,-0.8241798915771321
2035,-0.9007174936958848,-1.1918210484747218,-0.5126495066481377,-0.5564633435860614,-0.6942903432628972,-0.7331015402183964,-0.23529393916399322,-0.6585696082719082,-0.5591843159244476,-0.7932534325847213,-0.8155862966852359
2036,-0.892470104017399,-1.1773375379283526,-0.5049321579971873,-0.5480111656867959,-0.6883967858221106,-0.7244706800820798,-0.23169892204364415,-0.651661342384918,-0.5503435147827662,-0.7805230921499892,-0.8068919001403496
2037,-0.8841281342306532,-1.1627508797489141,-0.49719776255435105,-0.5395589599464083,-0.6824408825193816,-0.7157649834346922,-0.22809208641115747,-0.6446907999684834,-0.5414921457705434,-0.7677926950408719,-0.7980943090683645
2038,-0.8756893898781117,-1.1480595942129963,-0.48944624484382504,-0.5311067263647155,-0.6764213001691531,-0.7069831411309246,-0.22447335430414714,-0.6376568479817358,-0.5326301835928865,-0.7550622412562302,-0.789191044366022
2039,-0.867151599230884,-1.1332621695255376,-0.48167752888743415,-0.5226544649421034,-0.6703366623606227,-0.6981238093700135,-0.2208426469862402,-0.6305583221783998,-0.5237576028639721,-0.7423317307968291,-0.780179536507375
2040,-0.8585124096177508,-1.1183570608862443,-0.47389153820015884,-0.5142021756772496,-0.6641855475686788,-0.6891856084616523,-0.21719988493679723,-0.623394025950251,-0.5148743781066247,-0.729601163661529,-0.77105712109218
2041,-0.8482927116460526,-1.1009076070959394,-0.4649217403699343,-0.5039388407042493,-0.6563969076895395,-0.6790104971056736,-0.2131697298915193,-0.6147680508243364,-0.5047836829567907,-0.7148779957813367,-0.7611400759852439
2042,-0.8379273879328427,-1.083308215921771,-0.45592890545587716,-0.4936754646805307,-0.6484990084374657,-0.6687312118142036,-0.20912471626529044,-0.6060447608899798,-0.4946792182543902,-0.7001547520953613,-0.7510885472603946
2043,-0.8274122282192747,-1.065556288289953,-0.44691291482118994,-0.4834120476046261,-0.6404887407564778,-0.6583455974143623,-0.20506473408980214,-0.5972219353353926,-0.48456094636877767,-0.6854314326015525,-0.7408988372913345
2044,-0.8167428369776721,-1.0476491569553565,-0.4378736489102706,-0.47314858947677685,-0.6323628609671701,-0.6478514311535876,-0.20098967217139743,-0.5882972764490862,-0.4744288295148314,-0.670708037298495,-0.7305670938242346
2045,-0.8059146223793782,-1.0295840840963737,-0.4288109872392003,-0.46288509029722397,-0.6241179828804096,-0.6372464198443042,-0.19689941807279887,-0.5792684060279834,-0.46428282975212065,-0.655984566186043,-0.7200893012340808
2046,-0.7949227844290229,-1.0113582588027594,-0.4197248083861136,-0.45262155006449994,-0.6157505693249646,-0.6265281968561801,-0.19279385809449162,-0.5701328615733288,-0.45412290898403634,-0.6412610192640504,-0.7094612711541177
2047,-0.7837623021884593,-0.9929687944507031,-0.41061498998142715,-0.4423579687794156,-0.6072569230360048,-0.6156943189461045,-0.1886728772557612,-0.5608880922591849,-0.44394902895694666,-0.6265373965304672,-0.6986786324236668
2048,-0.7724279200052584,-0.9744127259589833,-0.40148140869796045,-0.43209434644050326,-0.5986331768457316,-0.6047422629152603,-0.184536359275371,-0.5515314546569926,-0.43376115125932185,-0.611813697985782,-0.6877368202939425
2049,-0.7609141326512089,-0.955687006919697,-0.3923239402409123,-0.42183068304800403,-0.5898752831109969,-0.5936694220818524,-0.18038418655187416,-0.5420602081982726,-0.42355923732086903,-0.5970899236285796,-0.6766310648251526
2050,-0.7492151692656381,-0.9367885065966051,-0.38314245933771285,-0.4115669786021593,-0.5809790023055634,-0.5824731025571571,-0.17621624014355272,-0.5324715103559832,-0.41334324841166215,-0.5823660734568094,-0.6653563784010695
2051,-0.7407724396260705,-0.9233940647426576,-0.37682863373363057,-0.4036338033131123,-0.5735996189918908,-0.575071771520515,-0.17363546950970565,-0.5252596616828774,-0.4065421509343611,-0.5721140739582881,-0.6588382836847989
2052,-0.7322305695677749,-0.9099114514237445,-0.37050340255698594,-0.3957006034971186,-0.5661222291830599,-0.5676154752357057,-0.17104861392753842,-0.5179799158088505,-0.39973480111884696,-0.5618620377035285,-0.6522623622541266
2053,-0.7235872030451681,-0.8963394981327708,-0.3641667245261401,-0.3877673791545963,-0.5585441945269174,-0.5601033912028192,-0.16845564463500529,-0.5106309821135465,-0.39292118745882637,-0.5516099646929019,-0.6456275788729839
2054,-0.7148398990154964,-0.8826770129788518,-0.35781855813492014,-0.3798341302842543,-0.5508627686787093,-0.5525346783208532,-0.1658565326656511,-0.5032115328241903,-0.38610129841621366,-0.5413578549267796,-0.6389328702542311
2055,-0.7059861273005196,-0.8689227800591921,-0.35145886165099544,-0.3719008568865107,-0.5430750913256777,-0.5449084763225573,-0.16325124884666906,-0.49572020157577473,-0.3792751224210186,-0.5311057084036284,-0.6321771440369741
2056,-0.6970232641932335,-0.8550755588097244,-0.34508759311422266,-0.36396755896178334,-0.5351781817925676,-0.5372239051876494,-0.16063976379693695,-0.48815558190082164,-0.3724426478712174,-0.5208535251238195,-0.6253592777168433
2057,-0.687948587790543,-0.8411340833336551,-0.3387047103349949,-0.3560342365087814,-0.5271689321922719,-0.5294800645334014,-0.1580220479250278,-0.4805162256445325,-0.3656038631326474,-0.5106013050870895,-0.6184781175266205
2058,-0.6787592730311153,-0.8270970617069952,-0.3323101708925566,-0.3481008895279229,-0.5190441000822212,-0.5216760329815422,-0.1553980714271986,-0.47280064130086785,-0.3587587565388768,-0.5003490482938096,-0.6115324772644148
2059,-0.6694523864157758,-0.8129631752601342,-0.32590393213331864,-0.34016751801962564,-0.5108003005830974,-0.5138108675003626,-0.1527678042853548,-0.46500729226477144,-0.3519073163910899,-0.4900967547424463,-0.6045211370664185
2060,-0.6600248803857633,-0.7987310778344486,-0.3194859511691462,-0.3322341219825988,-0.5024339979119239,-0.505883602720847,-0.1501312162649886,-0.4571345949954146,-0.34504953095797253,-0.4798444244333711,-0.5974428421210608
2061,-0.6520520811614235,-0.7869291007495828,-0.3143435795023587,-0.32500311874854565,-0.4942868696771157,-0.49987593841246064,-0.14831062024973837,-0.45016239749800685,-0.33977654165618026,-0.4714951099110656,-0.5931629084365881
2062,-0.6439909287274848,-0.7750587249022752,-0.30919364450161035,-0.3177720951377745,-0.4860201153992643,-0.49383211045216224,-0.14648699813194965,-0.4431267601776237,-0.334499794771799,-0.46314577100958143,-0.5888581183282684
2063,-0.6358394428886809,-0.7631191528539569,-0.30403612388601997,-0.31054105114903097,-0.47763016967168426,-0.4877516808215064,-0.1446603398352027,-0.4360265179508722,-0.32921928494562935,-0.45479640772941127,-0.5845281813931188
2064,-0.6275955761235865,-0.7511095731386398,-0.29887099527610195,-0.30330998678333976,-0.46911330527497425,-0.48163420349553837,-0.14283063523266437,-0.42886047334123695,-0.3239350068070001,-0.44644702007041265,-0.5801728021089769
2065,-0.619257210497498,-0.7390291599319732,-0.2936982361931891,-0.2960789020400162,-0.4604656232347897,-0.47547922424646266,-0.14099787414675197,-0.42162739526699383,-0.31864695497373235,-0.43809760803244324,-0.5757916797134678
2066,-0.6108221543963177,-0.726877072710485,-0.2885178240588429,-0.28884779691837575,-0.45168304210408705,-0.46928628044125786,-0.13916204634879306,-0.4143260177718927,-0.3133551240521112,-0.4297481716159957,-0.571384508079375
2067,-0.6022881390688438,-0.7146524559006522,-0.2833297361942607,-0.281616671419443,-0.4427612863961014,-0.46305490083300993,-0.13732314155868242,-0.4069550386953392,-0.3080595086368497,-0.4213987108196577,-0.5669509755862827
2068,-0.5936528149638132,-0.7023544385174355,-0.2781339498196851,-0.2743855255425335,-0.4336958740859926,-0.4567846053457302,-0.1354811494445383,-0.3995131182785824,-0.30276010331105097,-0.41304922564392177,-0.5624907649883574
2069,-0.5849137478469046,-0.6899821337918972,-0.2729304420537956,-0.2671543592875321,-0.42448210308970835,-0.45047490485241176,-0.1336360596223514,-0.3919988777031725,-0.29745690264618607,-0.40469971608864563,-0.5580035532781247
2070,-0.5760684146816474,-0.6775346387875038,-0.26771918991311405,-0.25992317265375453,-0.41511503661794746,-0.444125300946067,-0.13178786165563697,-0.38441089755770697,-0.2921499012020478,-0.3963501821536869,-0.5534890115461025
2071,-0.5674822952541823,-0.6655694782809204,-0.2627729310084057,-0.25283444215276124,-0.4056662979310847,-0.43817708728400306,-0.13011248534090897,-0.37696967441495044,-0.2871747084405312,-0.388397295716692,-0.5495878424053883
2072,-0.5587936187510005,-0.6535340088255907,-0.25781967504241227,-0.24574569206902427,-0.3960562768307222,-0.43219342427897217,-0.12843454676370683,-0.3694561447309882,-0.2821961706714922,-0.3804443871599301,-0.545666032263217
2073,-0.5499999055340848,-0.6414273992446582,-0.25285940219076414,-0.23865692240129602,-0.38627937163868353,-0.42617388686424984,-0.12675403807475352,-0.36186888949726526,-0.27721428339395965,-0.3724914564851828,-0.5417233615350732
2074,-0.5410985849343081,-0.6292488035345994,-0.24789209254472175,-0.23156813315060762,-0.3763296836742997,-0.42011804228162664,-0.12507095138864832,-0.35420644751908675,-0.27222904209786986,-0.36453850369169216,-0.5377596071136964
2075,-0.5320869907403312,-0.6169973605104745,-0.2429177261106951,-0.22447932431628123,-0.3662009958798799,-0.41402544989471307,-0.12338527878364532,-0.34646731372664624,-0.26724044226404253,-0.35658552877870037,-0.5337745422933234
2076,-0.522962356404548,-0.6046721934405025,-0.23793628280976445,-0.21739049589763892,-0.3558867494880563,-0.40789566099654706,-0.12169701230142832,-0.33864993740067545,-0.2622484793641639,-0.348632531747354,-0.5297679366918823
2077,-0.5137218099445185,-0.5922724096695716,-0.23294774247718664,-0.2103016478957119,-0.3453800185117216,-0.40172821861129154,-0.12000614394688715,-0.33075272030748065,-0.2572531488607461,-0.3406795125968953,-0.5257395561710726
2078,-0.5043623685163763,-0.5797971002312938,-0.22795208486191196,-0.20321278030925252,-0.3346734818080763,-0.3955226572898035,-0.1183126656878886,-0.3227740147377569,-0.25225444620711834,-0.332726471327201,-0.5216891627542618
2079,-0.49488093263455374,-0.5672453394481572,-0.22294928962609095,-0.19612389313929207,-0.3237593924345823,-0.3892785028988461,-0.11661656945504943,-0.31471212144315824,-0.2472523668473944,-0.3247734079381483,-0.5176165145421262
2080,-0.4852742800098039,-0.5546161845193647,-0.2179393363445702,-0.18903498638515254,-0.31262954397555937,-0.3829952724037057,-0.11491784714150396,-0.3065652874641653,-0.24224690621645048,-0.31682032242961405,-0.5135213656259617
2081,-0.4753111812441368,-0.5414381935139961,-0.21258700969446975,-0.18233686190282974,-0.3023872143121653,-0.37583049838405913,-0.1128073565632174,-0.2985118436813007,-0.236688426252896,-0.30848099891409064,-0.5075623813588757
2082,-0.4652097273769037,-0.5281748667641337,-0.20722648901228502,-0.1756387199364805,-0.29195509970038047,-0.36861422873960914,-0.11069279838443336,-0.290373638107703,-0.23112577064402928,-0.30014165107706303,-0.5015551022420567
2083,-0.45496602162440936,-0.5148250918575246,-0.20185774917058158,-0.1689405604848741,-0.2813260339156476,-0.3613457178757629,-0.10857415689569684,-0.28214886752700163,-0.22555893311146621,-0.2918022789209288,-0.4954987390594514
2084,-0.4445760002187093,-0.5013877344875026,-0.19648076492616254,-0.162242383548489,-0.27049243701816506,-0.35402420388680594,-0.10645141629636898,-0.2738356705613644,-0.2199879073626585,-0.28346288244427637,-0.48939248308992256
2085,-0.4340354227284158,-0.48786163787462833,-0.19109551091936244,-0.1555441891272339,-0.25944628288124527,-0.3466489080766279,-0.10432456069392068,-0.26543212514301046,-0.21441268709084285,-0.2751234616469639,-0.48323550545916094
2086,-0.4233398616678633,-0.4742456221690996,-0.18570196167332434,-0.14884597722101747,-0.24817906347001759,-0.3392190344617158,-0.10219357410321939,-0.25693624584681274,-0.2088332659750015,-0.2667840165282146,-0.4770269564644556
2087,-0.41248469133091026,-0.46053848383317175,-0.18030009159327898,-0.14214774782974846,-0.23668174947222442,-0.3317337692556174,-0.10005844044580656,-0.2483459810747236,-0.20324963767981266,-0.2584445470891564,-0.47076596487094435
2088,-0.40146507577889395,-0.4467389950027666,-0.17488987496581807,-0.13544950095390537,-0.22494474682474636,-0.324192280334045,-0.09791914354917193,-0.23965921008204166,-0.19766179585561705,-0.2501050533290125,-0.46445163717789073
2089,-0.39027595590466746,-0.4328459028274356,-0.16947128595815483,-0.12875123659225737,-0.21295784861144962,-0.316593716679738,-0.09577566714601594,-0.23087373983472909,-0.19206973413836823,-0.2417655352476412,-0.4580830568534354
2090,-0.3789120354861065,-0.4188579287877797,-0.16404429861738978,-0.12205295474528294,-0.2007101817280809,-0.30893720780615713,-0.09362799487350966,-0.2219873016861374,-0.1864734461495921,-0.23342599284426557,-0.4516592835361911
2091,-0.37360962034867484,-0.412385870805579,-0.16155325290312852,-0.11892513780157718,-0.1948554646022327,-0.30543660228251795,-0.09266164751648748,-0.21782518136451035,-0.18392039599722138,-0.22959287332464984,-0.44880663887403915
2092,-0.3682682705267564,-0.4058932970709008,-0.1590604337326107,-0.1157973170457535,-0.18893922495928028,-0.3019237489936424,-0.09169444826785138,-0.21364053628231014,-0.1813664652952518,-0.22575974866684417,-0.44594297326445953
2093,-0.3628874100073566,-0.39938007710441414,-0.1565658385788758,-0.11266949247666314,-0.1829601560743714,-0.2983985619346433,-0.09072639562429181,-0.20943312131119862,-0.17881165343606886,-0.22192661887146975,-0.4430682012201064
2094,-0.35746644989956333,-0.39284607917805237,-0.15406946490955636,-0.10954166409543625,-0.17691690914355337,-0.29486095419153985,-0.08975748807851582,-0.20520268729947833,-0.1762559598114289,-0.21809348393724295,-0.44018223625509667
2095,-0.3520047880477791,-0.3862911702990265,-0.1515713101868677,-0.1064138319009241,-0.17080809145744302,-0.29131083792840007,-0.0887877241192342,-0.2009489809835594,-0.17369938381245834,-0.21426034386478493,-0.43728499086939854
2096,-0.346501808630327,-0.3797152161935827,-0.14907137186758646,-0.10328599589425685,-0.16463226447472984,-0.2877481243742547,-0.08781710223114658,-0.19667174489697828,-0.17114192482965107,-0.2104271986547168,-0.4343763765329127
2097,-0.3409568817427552,-0.3731180812905009,-0.14656964740304104,-0.10015815607428571,-0.15838794178883858,-0.28417272380977826,-0.0868456208949273,-0.1923707172768848,-0.16858358225287406,-0.20659404830575498,-0.4314563036692407
2098,-0.33536936296513753,-0.36649962870432007,-0.1440661342390901,-0.09703031244214091,-0.1520735869805655,-0.28058454555373125,-0.08587327858721122,-0.1880456319679141,-0.16602435547135688,-0.2027608928185206,-0.42852468163913104
2099,-0.32973859291262914,-0.35985972021830015,-0.141560829816112,-0.09390246499667362,-0.14568761134892694,-0.276983497949162,-0.08490007378057965,-0.1836962183233567,-0.16346424387369715,-0.1989277321936348,-0.4255814187235988
2100,-0.3240638967684879,-0.353198216267101,-0.1390537315689871,-0.09077461373844434,-0.13922837151183595,-0.2733694883493569,-0.08392600494354496,-0.17932220110353025,-0.16090324684785814,-0.19509456642981396,-0.4226264221067072
