year,CanESM5,E3SM,GFDL-CM4,GFDL-ESM4,GISS-E2-1-G,HadGEM3-GC31-LL,IPSL-CM6A-LR,MIROC6,MRI-ESM2-0,NorESM2-LM,UKESM1-0-LL
1750,0.0,0.0,0.0,0.0,0.0,0.0,0.0,0.0,0.0,0.0,0.0
1751,0.01062437786224213,0.009121663145236505,0.002788568473258382,0.004444401577034969,0.013133483106465227,0.004309907864625859,0.0007058271983723333,0.0073186199343723,0.002512996555485106,0.004279130040505119,0.0016279061131074385
1752,0.016687079934280147,0.014277320457270967,0.004354397861486663,0.006971380900874874,0.0207668188962305,0.0067132825657317124,0.0010896261761153946,0.011497813375942204,0.0039151184301753905,0.006685956682953076,0.002424219567689914
1753,0.010847110845996544,0.0093082545150628,0.0028428976786609716,0.004545779792546764,0.013448684331363259,0.004383542104396551,0.0007139561000996161,0.007480506682446486,0.0025581339186291838,0.004364948508358779,0.0016062157230574414
1754,-0.004315043891764209,-0.0037422104354762342,-0.0011548790141045415,-0.0017966920122134064,-0.005188306993031577,-0.0018121553854678063,-0.000309390256718816,-0.0029566309120620526,-0.001052647779979668,-0.001765655261107127,-0.0008351292830089466
1755,0.00310020959775939,0.0026571052362702047,0.000803190772563564,0.0013382954280108106,0.003968705073691348,0.001199075200716243,0.0001813965126730467,0.0021737869392570025,0.0007090741991439622,0.0012425486730576613,0.0002606311115251059
1756,0.010351968507233605,0.008876672852798292,0.0027050392642307963,0.0043611769998509395,0.01292509680060544,0.004145336446957609,0.0006657817477433679,0.007161223099450137,0.002424920616320575,0.004159351148234583,0.0013994621782825734
1757,-0.011815522914282423,-0.01029188490409974,-0.0031862809247488674,-0.004924803715134707,-0.0140821890898917,-0.005016803236899084,-0.0008663808979412334,-0.008090800192081166,-0.002913354670898649,-0.004867171554411923,-0.002423146469900238
1758,-0.0037670805344974523,-0.0032911162236667763,-0.0010334616826588455,-0.0015066507338957966,-0.004272549603735298,-0.001692853974248315,-0.00031517384349644476,-0.0025205798522677653,-0.0009679569815217101,-0.0015630613420481998,-0.0011105687290000402
1759,-0.005653259574298436,-0.004911512222152081,-0.0015201140795960688,-0.002342275163016924,-0.006736128186778045,-0.002400684225671579,-0.0004158580860686885,-0.00386129886565173,-0.0013914395826226805,-0.002320361466056964,-0.0011807988116411816
1760,-0.014955448824813755,-0.013012593305767914,-0.004006528338661566,-0.006330306324523291,-0.018145761908310284,-0.00620910757192511,-0.0010375681090674348,-0.010329767513607244,-0.003628394265678868,-0.006143790575823586,-0.0025552339961500276
1761,-0.01103414532283746,-0.00961524820360185,-0.0029818120200651305,-0.004578062955024484,-0.013077740691170098,-0.004716911308944714,-0.0008223588459981713,-0.007536154265504066,-0.0027342103045812083,-0.004549583701116369,-0.00237743146422479
1762,-0.003305271996126763,-0.0028768242574493813,-0.0008960456267791475,-0.0013465534054197467,-0.0038547132338324075,-0.0014395837555673668,-0.00025801105523842564,-0.0022359282669554698,-0.0008288939794075106,-0.0013619428492306004,-0.000818350945580408
1763,-0.003734950795710512,-0.003264932599163564,-0.0010266102847244843,-0.0014890160787553036,-0.0042161575915484195,-0.001687013373753904,-0.00031598073805626757,-0.0024943904927605814,-0.0009635040344769669,-0.0015514170527671442,-0.0011306625899585934
1764,0.018804902995596978,0.016035945690594314,0.0048625832590621434,0.007934930041188365,0.023822016035185883,0.007392372378315054,0.0011596734065675261,0.013040828602425905,0.004333146328867166,0.007490915916713872,0.002164395386314799
1765,-0.00994894897272186,-0.008659313816021044,-0.002680684042053752,-0.004139040053172054,-0.01185562289213421,-0.004224912966728084,-0.0007304123897155478,-0.006807159429119719,-0.0024519930687071645,-0.004093886682360111,-0.002053373020833367
1766,0.002049085984855009,0.0017047344838558437,0.0004776739338655592,0.0010133642869372128,0.0031681469029077314,0.0005597706957057302,2.5480833684437057e-05,0.0015637757486101495,0.0003658261530878476,0.0007754165753003084,-0.0006266609207585816
1767,0.0005180830535643222,0.0003928953209588887,8.155359298194637e-05,0.0003506469603813331,0.0012001332421998356,-2.9536717710401672e-05,-6.296352934038671e-05,0.0004884133748228464,1.6804177218450456e-05,0.00016214383663989973,-0.0007454720351058111
1768,-0.026571207435658467,-0.02329803869863918,-0.0072248442999453336,-0.011211907976160354,-0.03159246862192518,-0.0113193706189346,-0.0019500674966044882,-0.018282958345201758,-0.006598247977260122,-0.011049058333218634,-0.005348588723545135
1769,-0.013027685850301424,-0.011388667803102603,-0.0035512975981574213,-0.0053498525377413675,-0.015170367756704023,-0.005687845454036368,-0.0010184273019326288,-0.0088408769858236,-0.003283020338684807,-0.005401681852488731,-0.003199778437955443
1770,-0.013473841345826965,-0.011786890163544408,-0.003679849412405241,-0.005520714101724097,-0.015629531790552556,-0.005909271849116833,-0.001063963585713014,-0.009130962292471706,-0.003407778633204732,-0.0055934827304072385,-0.00339738174470592
1771,0.004120606678530481,0.003513649587170889,0.001050196110479587,0.001817368906301936,0.005447899126599348,0.001520403460796238,0.00021156671941604394,0.002928007214900094,0.0009097471752655614,0.00163592911927668,9.771457998620364e-05
1772,0.012448759441772095,0.01064322623450438,0.00322739600919901,0.00528752646154227,0.015777182890637897,0.004887578749877247,0.0007622615511862756,0.008657778333849675,0.002871314635781018,0.0049763372972431025,0.001365112851133117
1773,0.008898070895733357,0.007616303702247876,0.0023079621375224693,0.003798708556342456,0.011303251320286811,0.003481192365170166,0.000538669857992025,0.006203635926815734,0.0020491031326000456,0.0035619749487618424,0.0009148002166192645
1774,-0.018309575041679932,-0.015978304977454436,-0.0049383675414098605,-0.007713934055633892,-0.02196625937702469,-0.007711445302607964,-0.0013128743800480108,-0.012604223139125889,-0.004495672431550336,-0.0075586963500182194,-0.0034698912067935156
1775,-0.007651289303915704,-0.006668179875209776,-0.0020748963154319927,-0.0031388877090101353,-0.008961697555803672,-0.0033167183416578233,-0.0005897863631861063,-0.005193706765080713,-0.0019143732387736714,-0.003157659208269867,-0.0018212301844382495
1776,0.001852446991136597,0.0015577709548086766,0.00044875036365743526,0.0008758893559975348,0.002691795598217528,0.0005795028118468076,5.2786360706444727e-05,0.0013738957256095724,0.00036324198797235696,0.000715718916002514,-0.0003151488866546051
1777,-0.011702298086210108,-0.010210384047732932,-0.00317367684699741,-0.004833719859003376,-0.013767830231408762,-0.005047164393617937,-0.0008900643987042999,-0.007970577353534222,-0.0029202220933325987,-0.004835918909826681,-0.002670169806925818
1778,-0.021080776799120127,-0.018442693124436027,-0.005718552456800988,-0.008844577407330398,-0.025046213373351195,-0.008987464052555745,-0.001554007273555473,-0.014469471601443476,-0.005229116651200676,-0.008738915617735467,-0.004335433778134397
1779,-0.009462648507873705,-0.008245080445139552,-0.002560075255394756,-0.003908512566137182,-0.011166369391592434,-0.004066165404055508,-0.000714302248040569,-0.006447354570309316,-0.0023530173610521524,-0.0039022192370898323,-0.002119731251812751
1780,-0.024657812865485323,-0.021565543725088954,-0.0066599011705870195,-0.010477893480772368,-0.029688420288182082,-0.010337970718931347,-0.0017432566805902477,-0.017042583653424995,-0.006045161164414288,-0.010208299911653756,-0.0044184155488923085
1781,-0.017449000378962132,-0.015253095121589608,-0.004736590976563745,-0.007267981740094423,-0.020617660759199588,-0.0074885699539239126,-0.0013086464461504119,-0.011932570613752247,-0.0043454510395457766,-0.007227781288050877,-0.0037956171555141235
1782,-0.012690974044797743,-0.0110659321942118,-0.0034313937009525647,-0.005275924952066698,-0.015050668698605857,-0.005421439792755174,-0.0009436047016187169,-0.00867558776992422,-0.003144706837277876,-0.005237098817935298,-0.002709357522017751
1783,-0.00858526912402996,-0.007496567469610985,-0.0023409785080140896,-0.003497031082667343,-0.009938703295414214,-0.003772633881509113,-0.0006822832256295451,-0.005802341714520293,-0.002171355722866683,-0.003555272865917586,-0.002214180609551371
1784,0.005731606199271183,0.004864585805071667,0.0014398483122688432,0.0025715239549088872,0.007783340041893849,0.0020285342093703806,0.0002597329154903835,0.004117280369338075,0.0012266821877005493,0.002256178332253625,-0.00015373515270387939
1785,-0.013730416890849417,-0.011983724774066923,-0.00372064219938234,-0.005698496800765548,-0.01622104555398282,-0.005893025766580712,-0.0010316307452516126,-0.009375255801371662,-0.0034156230209480692,-0.005675042083314347,-0.0030176356515870945
1786,-0.0040865848174233554,-0.003620484617175443,-0.0011722808628034306,-0.0015128421016694787,-0.004121378956199351,-0.002057975714351845,-0.0004318468908263897,-0.0026147273393887366,-0.0011484175953226025,-0.0017401900755243324,-0.0019638008963034775
1787,-0.014053385154874948,-0.01230071145431745,-0.0038431317022081385,-0.005751953577576227,-0.016263479385624544,-0.006180517862204082,-0.001116423030275782,-0.00951678063014652,-0.0035625959797099885,-0.005839491581583235,-0.0035974582579915496
1788,-0.03939463180714797,-0.03474110188929061,-0.01078990544314204,-0.01679924954926497,-0.04673303340001625,-0.016834582383242105,-0.0028949943640369184,-0.027217186784418576,-0.0098450645725929,-0.01651732212859925,-0.00781269046644583
1789,-0.02542016340138037,-0.022299387962052025,-0.006930199227566748,-0.0106612895946233,-0.030009926519263833,-0.01092450482282413,-0.001905682988457072,-0.01743170627254083,-0.006352868963861606,-0.01058244522811147,-0.005462798581206227
1790,-0.027759491491915797,-0.02437000382957151,-0.007570679887041271,-0.01168244097807588,-0.032829077086153624,-0.011905037589113501,-0.0020686693831514173,-0.019067108155966878,-0.006931420521447032,-0.011567344524671695,-0.005842073676282339
1791,-0.010435597135835195,-0.009164202274284314,-0.002894079290403133,-0.004148004691529643,-0.011624196252353725,-0.004785376439177459,-0.0009099885704484771,-0.00695046013983916,-0.00272961952428364,-0.004366209571970682,-0.0033655309885573526
1792,-0.003939933236211085,-0.0035330296670001426,-0.001173882038609464,-0.0013535868953816893,-0.003532130146016721,-0.002174150143798917,-0.0004935484029142869,-0.0024177505030558433,-0.0011914449640893637,-0.001715548814783474,-0.00254489158761273
1793,-0.004653511409931782,-0.00414071456582342,-0.0013526878805093095,-0.001681991935092289,-0.004518489299500245,-0.00241913302509128,-0.000522437678675703,-0.002937256605072408,-0.0013415438277990105,-0.001997375921744274,-0.002494014384159804
1794,-0.03189803703239595,-0.02807256156232321,-0.008737725012884688,-0.013426994077986566,-0.0375264060435659,-0.013770707926132005,-0.00240976316112922,-0.0218975838836674,-0.008015717641294079,-0.013342901724445314,-0.006948411717311025
1795,-0.02139387183581791,-0.018777218943090854,-0.005864305121293448,-0.008834898405866806,-0.0248355328051601,-0.009379848143027933,-0.00168265872411613,-0.014547122628427042,-0.005422893103651183,-0.008922428930025067,-0.005286371542989832
1796,-0.010220766596612793,-0.008981793240821295,-0.002841461301045428,-0.004044390667112832,-0.01131241220363996,-0.004718283563262891,-0.0009041100247680414,-0.006789774957155423,-0.002687217868467373,-0.004282076662853282,-0.003405296676268446
1797,-0.024108066213002002,-0.021196509656599,-0.00663013636524519,-0.009950108246810793,-0.027862373025455495,-0.01062711747105835,-0.0019174173581132294,-0.016380183920966948,-0.006141639080931183,-0.01008208882674768,-0.006116034051452668
1798,-0.03187164132213682,-0.028099957911786627,-0.00878310894747987,-0.013289025907810455,-0.036993233724209956,-0.013986151203987218,-0.0025008553273559563,-0.0217579302478747,-0.00811073354136261,-0.013377489779790724,-0.007724314656610727
1799,-0.02757990509317905,-0.024278928117636295,-0.007591764775827174,-0.0114352474141226,-0.03193746380089818,-0.012132701532993083,-0.0021802515873438257,-0.01877914579992733,-0.007022578556259131,-0.01155273954043299,-0.006855851253974143
1800,-0.03536893334683126,-0.031218532234689483,-0.009752040146183128,-0.014824061013450442,-0.041165927277648465,-0.015472887037339698,-0.002751456764646089,-0.024205400342159233,-0.00898899543885857,-0.01486653462678244,-0.008334542327401814
1801,-0.029281335152481658,-0.02581340299953952,-0.008085503731696406,-0.012115523659424476,-0.03373071072303291,-0.012962306990354444,-0.0023463712863023393,-0.019908075126105762,-0.007496103317991852,-0.012294185289066097,-0.007528945943448717
1802,-0.029677755736170375,-0.026210553709685613,-0.008241322335357418,-0.012176784127150488,-0.033759233589158055,-0.013330644092438199,-0.002456821341059779,-0.02007759509942038,-0.007684950622609307,-0.012502499414474892,-0.008287181996889235
1803,-0.019759795122547538,-0.017425108241493098,-0.00550908784476082,-0.00791484255357687,-0.021989714333486843,-0.009082081785295675,-0.0017262197081204227,-0.013201762688250143,-0.005193024392475029,-0.008317153918578686,-0.006339219015677133
1804,-0.01522351232538087,-0.013481717468549384,-0.004320040586165405,-0.0058674513055518435,-0.016094492253344098,-0.007363943644231083,-0.001481591307483066,-0.009953535788290765,-0.004158653088758589,-0.00646430748212435,-0.0061813800631349836
1805,-0.030757824116749904,-0.027168406644715815,-0.008537009249935563,-0.012653977696117293,-0.035073844653032246,-0.013778605262124766,-0.0025299342122853327,-0.02083750931792608,-0.00795065070546198,-0.012958279632332599,-0.00844174196565068
1806,-0.02624379858701867,-0.023191897180619717,-0.007324896033935838,-0.01061409452988872,-0.029370112506949403,-0.011999676084808328,-0.0022619888021242814,-0.01761567325088985,-0.006883108764232822,-0.011076074126029345,-0.008106804357677341
1807,-0.033040722903176487,-0.029244519335112157,-0.009213400338925155,-0.013544836746747495,-0.03737250291355908,-0.014942104928605461,-0.0027731281626449007,-0.022329900068710037,-0.008610069195890635,-0.013967388085214222,-0.009508823230952021
1808,-0.056937912585652756,-0.05075250265670922,-0.015902339244005827,-0.024271761530464696,-0.06597114058941861,-0.0250785507802999,-0.004457875889224491,-0.039215638935537506,-0.014645464848715251,-0.024276642032994962,-0.013281380104823347
1809,-0.045200272690807855,-0.040117089882476156,-0.012579391341965562,-0.01898697262258315,-0.052096676332065966,-0.020021064960784804,-0.003603197927413931,-0.03092513553009653,-0.01163437103142697,-0.019160549764859647,-0.01124328134074578
1810,-0.04874652226323846,-0.043328379724286104,-0.013588769975269609,-0.02054885131309931,-0.05620193560897792,-0.021589083152629022,-0.003879000482704011,-0.033400797452654105,-0.012559856281041594,-0.020706916098711434,-0.012014582304418597
1811,-0.0362775686093325,-0.032151672311595506,-0.010130170878350196,-0.014922418373468901,-0.04106040732705338,-0.016399637201227363,-0.003038548607068795,-0.02455377702819639,-0.009460343264309695,-0.015363876682249304,-0.010350876416530916
1812,-0.026356635717927707,-0.023350578963019952,-0.0074165635094712926,-0.010517524730764144,-0.028919569618169508,-0.012308788866550527,-0.002377103235302191,-0.017554030648494715,-0.00702824235600643,-0.011176388470561904,-0.009023781503108202
1813,-0.031284781972719555,-0.027714785307019513,-0.008762862772561969,-0.012691637255323678,-0.03493665762571471,-0.014347601817769014,-0.0027093557703958947,-0.02102087223425758,-0.008237529954539424,-0.013251699128246537,-0.009720899454298305
1814,-0.05653238790704121,-0.05044100735782879,-0.015847147178162827,-0.023942391036824252,-0.06494483816340117,-0.02516062825773438,-0.004534849332217001,-0.038792130615090195,-0.014657404474964403,-0.024151171396083575,-0.014100402580875734
1815,-0.0485403522560051,-0.0432113305635216,-0.013602786389676089,-0.02028284919823565,-0.055291386470487924,-0.021809109080065683,-0.003991470444154018,-0.03309142415576896,-0.012646530681663926,-0.020680208577349965,-0.013042604073896624
1816,-0.044770606061283205,-0.039842889158205705,-0.012576122250829762,-0.018513084307576415,-0.05049430848679515,-0.020339574395519616,-0.003779385921009763,-0.03035510073853359,-0.011751690071504298,-0.019077021202165756,-0.012899652384032678
1817,-0.0506271852295857,-0.04515960272819175,-0.014255048630025493,-0.021069987753781667,-0.0571878560494582,-0.022974169371681938,-0.0042536424222152786,-0.03442277449205208,-0.013301717396377786,-0.02164246703169679,-0.014324947391701252
1818,-0.06368706062780793,-0.057074122641953384,-0.017996666097108257,-0.026962823004131824,-0.07245702399214655,-0.02869518569716506,-0.005238912707922176,-0.04364276986351875,-0.01670880811612389,-0.02739603570783211,-0.016825649531061138
1819,-0.05600344664853461,-0.05003629847903285,-0.015776661151093583,-0.02350955039629514,-0.06359096017883534,-0.025273821335715353,-0.00463774980094846,-0.03823644800276313,-0.014675783916125885,-0.02398889060107314,-0.015188061317243665
1820,-0.06682956335192296,-0.05993700156013372,-0.018879571642276615,-0.02846131723587603,-0.07634996058237407,-0.02996814666182411,-0.005431060681920652,-0.04592971334677765,-0.017485626723609676,-0.02877252450357041,-0.017038739373495232
1821,-0.0640341420456503,-0.057397077920173664,-0.018101511201187085,-0.02710994912624614,-0.07282020220935675,-0.028867493447882517,-0.005273346452695582,-0.04387837450325006,-0.016808948312954604,-0.02755431716266226,-0.016959227986159904
1822,-0.060768224945263224,-0.05440630717819421,-0.017162878623196324,-0.0256175012825435,-0.06898488419925637,-0.027444257631486023,-0.005031263892457866,-0.04155946149034639,-0.015957494936843897,-0.02610807612709551,-0.016380093893512075
1823,-0.051447806358496107,-0.045965169815936485,-0.014552061028437643,-0.021283905754014135,-0.05756510903766027,-0.02360375397134401,-0.004427585999722454,-0.03485601072798649,-0.013637171542611948,-0.02205648652757459,-0.015417585637861636
1824,-0.05070586775240002,-0.045328099568053434,-0.014378643070278946,-0.020861855636528648,-0.05634762808039831,-0.023440645942599612,-0.004438190539893451,-0.03424862028614793,-0.01351754535293977,-0.02176497987882616,-0.01582663012205312
1825,-0.06288375262739589,-0.0564244460534339,-0.017856136176786615,-0.026377305544775083,-0.07069975986211008,-0.028729980060555008,-0.005339221940491379,-0.04286881689488871,-0.016674176441509828,-0.027118851903678597,-0.0180108748995624
1826,-0.056510816968843955,-0.050618647817043394,-0.01604702655135032,-0.023437213284764356,-0.0630445959226364,-0.026029205981487218,-0.004896899171510108,-0.03831204336977004,-0.015049745057496348,-0.024321185271986935,-0.017121435196002288
1827,-0.06412463871572242,-0.05762215858408044,-0.018276367560550046,-0.02679340472038624,-0.07159128353882512,-0.029539128259537216,-0.005542680644569236,-0.043609049326587164,-0.017120065000508423,-0.027724190041034047,-0.019153945415474966
1828,-0.08963050908241572,-0.08129249271107972,-0.02574509067793663,-0.03868407537075144,-0.10131272051868148,-0.040798770176647695,-0.007468820524086269,-0.061846243511601035,-0.023899698171650417,-0.0392464195931816,-0.02373686830158336
1829,-0.07871167125715581,-0.07109523731359277,-0.022521811765880344,-0.03353272920225774,-0.08861745307571124,-0.03596324692430659,-0.006643713274417019,-0.05400426382573946,-0.020977047891745402,-0.03426797887212782,-0.021819201784334108
1830,-0.08614875319515988,-0.07825168783023909,-0.024946686591699258,-0.036468093587527256,-0.09525599800012427,-0.04023863592660686,-0.007618099013054884,-0.058825308526335586,-0.023416359403672524,-0.037855476354597004,-0.026529601188486282
1831,-0.06969523251403821,-0.06294253861444327,-0.0200945394578274,-0.02885444707014041,-0.0762777585254004,-0.03285630043128521,-0.006324780772387722,-0.047109983531955224,-0.01898284951942107,-0.03038765556927523,-0.023174568733553145
1832,-0.06495037549676733,-0.05859990283909321,-0.018744936059315286,-0.02661695022231081,-0.0704897092293807,-0.03087816658778672,-0.006010955397756006,-0.04367914341677145,-0.01778150580476028,-0.028291974176851295,-0.02266400675512035
1833,-0.06947221742558073,-0.06276842447542555,-0.020062846249666415,-0.02867209977162084,-0.07572141385756487,-0.0328983442482199,-0.006366316743889084,-0.04687723486318533,-0.018987911251223868,-0.030316694470823472,-0.023614873726535188
1834,-0.09124516548856737,-0.08304371364168717,-0.026473753513297164,-0.03885399803377247,-0.10106556277161721,-0.042561319438205125,-0.008029867211146567,-0.062464940497331145,-0.02481558147388342,-0.04020580376136841,-0.027626422862459424
1835,-0.0819985161171213,-0.07442405003251364,-0.02377189686628999,-0.03438954454188072,-0.08997644974775842,-0.038613990379075744,-0.007393099767371257,-0.05573186493122172,-0.02240262205046497,-0.036007215384690754,-0.02653132196138982
1836,-0.08571144688554017,-0.07802584618687365,-0.025010689500397663,-0.035795111138577404,-0.09307343429031431,-0.0408588401253511,-0.007926226206642621,-0.05808441360217245,-0.023673045712253805,-0.037824505376091326,-0.029252750834893128
1837,-0.09097489263452363,-0.08297087387627589,-0.026584875218006405,-0.03826313806448499,-0.0991108725732052,-0.043245995378894515,-0.008347413896160411,-0.061849477397080355,-0.02511326128144424,-0.04024882828347108,-0.030350134670929747
1838,-0.10220116354816236,-0.09362365513562226,-0.030005747568089308,-0.04352091854244975,-0.1116881900696823,-0.04849108920680079,-0.00930387678514988,-0.06984990063130553,-0.028272261751999685,-0.04550258462760817,-0.03310706292121715
1839,-0.09725512551011238,-0.0889653468511874,-0.028543914199294307,-0.04107037662405538,-0.105721735524903,-0.046389033840336616,-0.008971496542719198,-0.0662077589035798,-0.026974140705783987,-0.04322286257041674,-0.032629254787668635
1840,-0.09995585685759527,-0.09158075820375941,-0.02941994705169533,-0.04221579218766826,-0.10831610305793357,-0.047866053467725524,-0.00929206330310136,-0.06802343161630277,-0.027834739886005964,-0.04453482047728184,-0.03402595974658497
1841,-0.10771850314164882,-0.09902260433373164,-0.03183660657622851,-0.04581743202644867,-0.11674530453534235,-0.051636767690380864,-0.010010957410357832,-0.07351214411523907,-0.030096689631927624,-0.0482294952506222,-0.03636076856995056
1842,-0.1020859090649788,-0.09372430379416177,-0.030194049766510286,-0.042926534989324486,-0.10967834206545969,-0.04937196524415662,-0.009688636268275189,-0.06928079554614872,-0.028672533766002723,-0.04564388018210763,-0.03629196068501354
1843,-0.08925022769742036,-0.08166786617246449,-0.02640611483013041,-0.03663682575205261,-0.09421702500904215,-0.04388290545891848,-0.00880573301722986,-0.059870678763152704,-0.025294495584004976,-0.03974804199528602,-0.03485842141822541
1844,-0.09069725788267202,-0.08316419960662169,-0.026982581592187062,-0.03697237014842259,-0.09465039003045567,-0.04513814474830681,-0.009173577852033349,-0.06059345454223187,-0.025967565029228902,-0.040540845386811394,-0.03720450939271324
1845,-0.10684700620829282,-0.09857708010394689,-0.031981857974657996,-0.04440210875924126,-0.11230691849440147,-0.05295380127710876,-0.010666811568625109,-0.07198879561373016,-0.030650404883203634,-0.04817832911809676,-0.042066914169866465
1846,-0.10046023566482774,-0.09251836100176491,-0.030059976681767183,-0.041280896367847396,-0.10476927305327266,-0.050131785492148445,-0.010191783704003827,-0.06732454948006364,-0.028917256453123687,-0.045196777082392496,-0.04109848151903208
1847,-0.11515326253487437,-0.10665593117143128,-0.03466139508495673,-0.048124811826701815,-0.12076749253040268,-0.0572980670721795,-0.011566167489926843,-0.07773711512193673,-0.033229395149714895,-0.05223219566136829,-0.045555870869410806
1848,-0.13424746975184104,-0.1251753168322122,-0.040627244425800735,-0.05757917318021937,-0.1425234693552831,-0.06615344778105942,-0.013135647653287617,-0.09168084368348883,-0.03867972676043429,-0.06146262477743969,-0.04939639523028528
1849,-0.1273111820411052,-0.11850043729252571,-0.03853905672665005,-0.0538837711174832,-0.13387564891375212,-0.06331516374068474,-0.012730227262953144,-0.08639752663970916,-0.03686967927521368,-0.058165601710847,-0.049347953848778235
1850,-0.13363869894592523,-0.12474744310122036,-0.040614868202675174,-0.05683781418132881,-0.14039486432644924,-0.0666108940756798,-0.01340262995959222,-0.09085220562064213,-0.0388529594919296,-0.06132258160012004,-0.05181283235631352
1851,-0.11687615496477442,-0.10854085248871659,-0.035436181146883454,-0.04838149556343599,-0.12073934463449054,-0.05909611280780119,-0.012133698763400185,-0.07846836030208088,-0.034185180299529626,-0.05326756489680024,-0.04932740144722504
1852,-0.10931541288150312,-0.10137878855335883,-0.033208932937385374,-0.04445590868222425,-0.11118872394722996,-0.056045063601006834,-0.011697777600189875,-0.0727544202931926,-0.03225374658096729,-0.0497579296860267,-0.04924213654070075
1853,-0.11661459837564186,-0.10845161242652056,-0.0355289979985439,-0.04783341625067675,-0.11899907429027541,-0.05969549875966895,-0.012418597949275708,-0.07790346830076883,-0.03444777992552047,-0.0532946689403014,-0.05172197263930188
1854,-0.14445680873209324,-0.13590095909570132,-0.044625461172361665,-0.06092428386190184,-0.14817059441102043,-0.07401764077798205,-0.015309530617335502,-0.09760901432899985,-0.04310210380747174,-0.06715504726324512,-0.06195427759537904
1855,-0.13365429506794932,-0.12535025978578537,-0.04125162564890008,-0.05531555394739724,-0.13533413001159425,-0.06921783177507655,-0.01451763628784159,-0.08952076270767079,-0.04008240867097638,-0.061884583440639754,-0.0606602011245283
1856,-0.13359637491340667,-0.12544643952013787,-0.041397628806645236,-0.05488858936156397,-0.1339392851192522,-0.0698658574450733,-0.014802288677508404,-0.08912855947548257,-0.04038422424991365,-0.062000415849567996,-0.06293160771404034
1857,-0.14651515084998437,-0.1381765059805498,-0.04554770360286814,-0.06133795561793991,-0.14844460218559818,-0.07605823387337218,-0.015944609089243958,-0.09857748810196416,-0.04421411844000321,-0.0684089657465332,-0.06600329440456243
1858,-0.1535344495076878,-0.1451801013080308,-0.04785880645889253,-0.06482446637570162,-0.15606574384864483,-0.07956381850469657,-0.016621259027140765,-0.10367644460777756,-0.04637569998086272,-0.07196291964092497,-0.06806545262954211
1859,-0.15426547322202191,-0.14608583060649902,-0.04828914726660832,-0.0647321861243284,-0.15538826966940403,-0.08069761952742738,-0.017024077266356952,-0.10381410783693185,-0.0469677422529546,-0.07250071502561994,-0.07087732103267082
1860,-0.1594772312106661,-0.15155419034347592,-0.05027767588262358,-0.0667200248959829,-0.1590448668066419,-0.08435988721111694,-0.017984368639480493,-0.10707643811206678,-0.049087321307676526,-0.07539100388966702,-0.0759415150491432
1861,-0.15945747712145808,-0.15169968839354434,-0.05045075646637931,-0.06627383068095487,-0.15762708053330463,-0.08507887433816921,-0.018298776265064893,-0.10668730155613662,-0.04942995689669762,-0.07553893303531257,-0.07838719698057706
1862,-0.15835378218377985,-0.15061531345178025,-0.050110680073765484,-0.06565235582234065,-0.15621054642346635,-0.08463595305027136,-0.018239509508004265,-0.10582388042137654,-0.04913928329205855,-0.07499736431717137,-0.07843722198735455
1863,-0.15059055455809994,-0.14313725800724167,-0.04786112671723353,-0.06099478071526732,-0.14518280388776916,-0.08205803245133705,-0.018051896994456557,-0.09948933624517836,-0.04735694022127923,-0.07132448998165485,-0.08053839864257188
1864,-0.1548586227466949,-0.14764393303749285,-0.04953095874997546,-0.06249122647776422,-0.14781805593556627,-0.08524120020643423,-0.01892172214545871,-0.10205607577556032,-0.049180522145190864,-0.07372225687947315,-0.08529090827259259
1865,-0.17570444360465087,-0.16875687303160716,-0.05657426405226772,-0.07295135868699197,-0.17028907400890853,-0.09592763668818219,-0.021049360110248667,-0.11725307471215302,-0.05582080119633191,-0.08454199109179689,-0.09199511605091579
1866,-0.16923948823761642,-0.16239993586095003,-0.05462322453833887,-0.06905913788806899,-0.1613892778796041,-0.09361364618213568,-0.020829147255636213,-0.11199987827176125,-0.05423394241755793,-0.08137643520685783,-0.0932970829671198
1867,-0.18516352850155615,-0.1788594392899796,-0.060265385657293044,-0.07674388013368702,-0.17715135763471218,-0.10257138740121342,-0.02279476621164258,-0.12330841110915314,-0.05973653490086894,-0.08993655543705714,-0.10083794261193987
1868,-0.20372186023985236,-0.19809009828016833,-0.06672089104669766,-0.08656346599535324,-0.19734249914746427,-0.11210369000579637,-0.024668399472437826,-0.1371269744589529,-0.06578042021344699,-0.0999170495218496,-0.10624086202791222
1869,-0.1942717881038935,-0.18865017349903007,-0.06384573706830186,-0.08048109372206594,-0.1838820184692693,-0.10894610397797032,-0.024466629130582253,-0.12920081429697092,-0.0635227857953363,-0.09518381985638791,-0.1091547855383572
1870,-0.2076224803077039,-0.2026073957770103,-0.06858019654356909,-0.08748070822933886,-0.19805528868438133,-0.11603743477447084,-0.02591689782970837,-0.1390742528346144,-0.06800990824569553,-0.10247440590447132,-0.11372088403711822
1871,-0.19625486711475562,-0.1911806953161439,-0.06505955712138708,-0.0802554215833031,-0.1821491225711528,-0.11204078428701439,-0.025586368476480825,-0.12961599670503282,-0.0651873983543916,-0.09671383300808245,-0.1165594185513879
1872,-0.19005619065847398,-0.18536574518130958,-0.06356588240637802,-0.0753769341270641,-0.17030911426166262,-0.11148623012397035,-0.02611819540114821,-0.12364384495455831,-0.06445301516243068,-0.09396755862143505,-0.12330831021017921
1873,-0.21236377130590706,-0.2088177561181223,-0.07162991079885955,-0.08670294273785698,-0.1932407259090354,-0.1238833981112242,-0.028806361724096792,-0.13988702658716945,-0.0722491596143288,-0.10628961046377398,-0.13273481921052016
1874,-0.22074380006133493,-0.21735640628088157,-0.07428644604692494,-0.09210522736713246,-0.20491964282181713,-0.12690721361719254,-0.029077324383774937,-0.14689193726743915,-0.07439577720079796,-0.1106340177294093,-0.13081501593075331
1875,-0.20902425177758177,-0.20552732339275703,-0.07068435414953525,-0.08431054523661703,-0.18777671685845848,-0.12309863165046572,-0.028883651966275185,-0.1368881569683053,-0.07160512385429978,-0.10466526943267257,-0.13482871559848775
1876,-0.21779283104281727,-0.21483856926941325,-0.07389988710633473,-0.08884602117281523,-0.1967988874242484,-0.12800184449915644,-0.029950223002820395,-0.14331807368931784,-0.07471263282596019,-0.10958748166524726,-0.13850952189477622
1877,-0.22375247274871268,-0.22134271125945465,-0.07625730592467231,-0.0915895236867246,-0.2018141727839518,-0.1319451049254386,-0.030947417646551338,-0.14740005448839677,-0.07714046422895887,-0.11310114233798055,-0.14293340449567998
1878,-0.22892988972279696,-0.22688139175434108,-0.0781651146097134,-0.09436969593584482,-0.2072798363526549,-0.13478304506650687,-0.031548581521867125,-0.15126289833558207,-0.07896381868567401,-0.11603995471938373,-0.14484603091571352
1879,-0.2415332504052089,-0.2407714470219086,-0.08320479161695388,-0.10038060269796728,-0.21811344561328372,-0.14306777314036112,-0.03362942153764779,-0.16002697235058985,-0.08412370067748998,-0.12358632268627379,-0.15380786167082539
1880,-0.24618998831630634,-0.24665269389084965,-0.08588926372883436,-0.10066087891391032,-0.21646091207892657,-0.14923488123452747,-0.03581093979150029,-0.16170603482695867,-0.0876168339480501,-0.1271205530573133,-0.16698888132146816
1881,-0.2510142812059162,-0.2522041895109838,-0.08805041375446891,-0.10251406033308921,-0.21923432752962127,-0.15319235942482365,-0.03696907657563463,-0.1646981477884976,-0.0900165033935853,-0.13024033709559785,-0.17281849782714237
1882,-0.2509749912975617,-0.25264293448056213,-0.0885792130775078,-0.10115759487169496,-0.21534529660288335,-0.15525140330943724,-0.037915288009059876,-0.16360386892450957,-0.09106337302024144,-0.13070082953559753,-0.17936701758485796
1883,-0.24441252136612657,-0.24618288941756905,-0.08686394249772614,-0.09564514929511436,-0.20275882271979936,-0.15456042309820425,-0.0384766293098214,-0.15712349722606622,-0.09018500632681392,-0.12754731943670264,-0.18617711523954555
1884,-0.2557304726613173,-0.2585377835250659,-0.09117743689436524,-0.10187719408020077,-0.2148721165302699,-0.16088942833762943,-0.039858073209022384,-0.16567505376637992,-0.09433260573859953,-0.13420173669386365,-0.19047301172164333
1885,-0.26193754378926254,-0.26534734180571007,-0.09355101500802578,-0.10538168394008998,-0.22161456788314932,-0.1643154349546014,-0.040591952347883015,-0.17041708434169864,-0.09659783697535043,-0.13787899079753602,-0.19262911694102708
1886,-0.2599997653404985,-0.2633769046223604,-0.09298849951802371,-0.10384079331638732,-0.21823701183314057,-0.16392922079484545,-0.04067740610192505,-0.16858372048307546,-0.09624110739126512,-0.13688835238959385,-0.19408687402491093
1887,-0.27270064625227963,-0.2777086410482775,-0.09824609377077094,-0.1102133527941799,-0.22955085340448025,-0.17231568961996185,-0.04281203122619511,-0.17763550694920222,-0.10161541871439654,-0.14480719667621725,-0.20266864338105328
1888,-0.2971079959407735,-0.30583649481061814,-0.10877730974008867,-0.12230877328681442,-0.2499402902806236,-0.18935063892129356,-0.047338300768043455,-0.19481755550688268,-0.11256964997265657,-0.16058790947380985,-0.22146692859800987
1889,-0.2910678260834798,-0.299120446944002,-0.106482088014964,-0.11843627041248511,-0.24258567832700292,-0.18637981739813905,-0.046800237520674984,-0.18989853742666657,-0.11049312922105667,-0.15693799022146543,-0.22070624931378474
1890,-0.3084308168503611,-0.31964278400821816,-0.11443052236816686,-0.12643349030322687,-0.25501537882061664,-0.19977451789264059,-0.050628767251601724,-0.20161995063338833,-0.11905968720104071,-0.16867951133273018,-0.23763396956385774
1891,-0.2999142523576658,-0.3107334655411046,-0.11188597887549895,-0.11908826680498819,-0.2395770388064557,-0.198271249319447,-0.05113524133656128,-0.1932514511360049,-0.11752644638408463,-0.1641166845835637,-0.24472245031482476
1892,-0.2964295111709655,-0.3071478990731447,-0.1109000835280963,-0.11599082255564791,-0.2328621738650281,-0.19783477000316452,-0.05142279013520824,-0.1897394034102845,-0.11699659539203482,-0.16230732365904604,-0.24810062523603554
1893,-0.30127761788095814,-0.31245294181028477,-0.11263505438252669,-0.1194090867752589,-0.23971735014596424,-0.19977704020702303,-0.05165203878571633,-0.1939391002061261,-0.11844344461097188,-0.16515123561060518,-0.2474006606894842
1894,-0.3239157121801082,-0.33856054105774186,-0.12210269574879626,-0.13264460083788904,-0.2632471312779154,-0.21343357151894052,-0.05486986203988123,-0.21134645030362922,-0.12772294269568468,-0.17978274199413546,-0.2575360154847914
1895,-0.3252884634236639,-0.34102113855042726,-0.12369139799641485,-0.13096673811920773,-0.2580186234011645,-0.2179251484779355,-0.0568149959176491,-0.2105358010290994,-0.13026705577244146,-0.18158824768244447,-0.26905355076677473
1896,-0.3210064747587241,-0.3366609455038817,-0.1225974911744025,-0.1266418234626407,-0.2486919929731471,-0.21794563615747986,-0.05744878625874968,-0.20587423984885173,-0.1298996020203245,-0.1794271008192562,-0.27487141951164157
1897,-0.34043440129808233,-0.3597384059238895,-0.13132598352712538,-0.13724130624377112,-0.2663679116354498,-0.23126749520384782,-0.060994931928099655,-0.22020256959833556,-0.13887803177523478,-0.19267924581211315,-0.28790823778339586
1898,-0.3483089774798851,-0.36982877358675986,-0.13567329812060577,-0.13975580028692391,-0.26862813083514736,-0.23939011428328505,-0.06375278902901893,-0.2246705511332791,-0.14405360496371325,-0.198827237759639,-0.3010071451724341
1899,-0.3724643413746838,-0.3997333304482428,-0.1475779354270228,-0.15186934924888168,-0.28653992891915026,-0.2585194713782095,-0.06943436564123484,-0.24157401950707647,-0.15692919537816155,-0.21657483586095572,-0.3238015199524332
1900,-0.37911298359536083,-0.40861734235924296,-0.1515816237146246,-0.1536146131174046,-0.2872640624221066,-0.26615020139993706,-0.0721728763089406,-0.24506849601912217,-0.1618522333083974,-0.2221655761448243,-0.3366879921108013
1901,-0.3815054174630888,-0.4123065693084307,-0.15360756715538254,-0.15280268339205547,-0.2838401197634179,-0.2709051029392072,-0.07415808824508176,-0.24529364830624212,-0.16477061730243434,-0.2247130054391579,-0.3469591491469653
1902,-0.3844479374932789,-0.4164510977800209,-0.15562637040195484,-0.15300278428510528,-0.28267891760649355,-0.27508317122620396,-0.07577681561406732,-0.24643422522715763,-0.1674255294210317,-0.2274220219256431,-0.35481372604674
1903,-0.3941634931102535,-0.4299184559292894,-0.16200864004330906,-0.15450476078405206,-0.28094903156666706,-0.2877349686399804,-0.08057888300642038,-0.25081700605016694,-0.1756045654709197,-0.2361420930591659,-0.37726469029318216
1904,-0.41236262549793884,-0.45231990471600586,-0.17042849618773434,-0.16676303828887512,-0.3014374942220962,-0.2988624768826694,-0.0832925492112933,-0.26571375444027523,-0.18382840475782838,-0.2493909460803912,-0.38425869676536895
1905,-0.42923526732092254,-0.47454706477763986,-0.17984816427869985,-0.17477316449619518,-0.3114410212707547,-0.31415813107847596,-0.08833680603045171,-0.2771016064033841,-0.19447844019531527,-0.2632896465670815,-0.4040890657909323
1906,-0.43770607697862995,-0.48627749722567304,-0.18522648438849088,-0.1774118950649374,-0.31296007758219435,-0.32379864910475276,-0.0918905670368721,-0.28186021152777885,-0.2010516950903389,-0.27091644605705684,-0.41918478031849327
1907,-0.473989481419861,-0.5346026285871062,-0.20549602694005673,-0.19768013877154667,-0.3399485524776744,-0.3543721838964713,-0.10168174233146567,-0.30826033664036834,-0.22329757869200426,-0.30148828746645795,-0.45386607007980917
1908,-0.46723692687242885,-0.5247772763213311,-0.2007372475648975,-0.1961595952600938,-0.3403421693624853,-0.3456415114893525,-0.09826062386667954,-0.30486552950945456,-0.21725839197936203,-0.29483897233188966,-0.4394201833035204
1909,-0.47526874445364437,-0.536426894210995,-0.20634903827398285,-0.19810380975845743,-0.3401841763226479,-0.35585585694136723,-0.10224224160002687,-0.3089939901901073,-0.22434281903947023,-0.3027064048479616,-0.4561347991329361
1910,-0.4970609993684045,-0.565743633674419,-0.2185411583796243,-0.21190693291843327,-0.35893946586166764,-0.3731141852555472,-0.10758209587356493,-0.3257818529919093,-0.23736849230561397,-0.32144516708887966,-0.4733337827107807
1911,-0.48739690069860453,-0.553537727632764,-0.21416886178717923,-0.20300166402606956,-0.3443783895905607,-0.3688804998490448,-0.10702668566748577,-0.3165319398055027,-0.23367851832037595,-0.3140561116572926,-0.474730164518416
1912,-0.4924258215961796,-0.5613767410720638,-0.21833285771717462,-0.20279415068712892,-0.34091695568568947,-0.3771245304143258,-0.1105370420750996,-0.31819555839639196,-0.23935529919927348,-0.31963776290747475,-0.4897188239631602
1913,-0.5156685772216844,-0.5934945325946532,-0.2322235010863006,-0.2163202007777869,-0.3578635341492509,-0.39749682428835653,-0.11736434522538174,-0.3353157619340266,-0.25477886462531246,-0.3406872575673665,-0.512572585321804
1914,-0.5038433539381997,-0.5753899809422379,-0.22294701604639683,-0.21489772694114329,-0.36167155193246575,-0.38026244771672413,-0.1101988459113467,-0.33014071566368247,-0.2425809050391582,-0.3278963394903494,-0.4832410939542736
1915,-0.49326989259455534,-0.5616908567525997,-0.2177636852811064,-0.20599541941587735,-0.34777957153191846,-0.3744632986842291,-0.10896930603289104,-0.32058702706118175,-0.23778940778534208,-0.31940583840344994,-0.48175268963540907
1916,-0.5130628477544763,-0.5900798283341143,-0.23091779905275192,-0.21408948510549336,-0.3543990112556862,-0.3960503535571107,-0.11704930481608071,-0.332944014764542,-0.2535655603465314,-0.33854479362231177,-0.5121770717969757
1917,-0.53130529856642,-0.615550596406704,-0.2419886308351149,-0.22515498331296518,-0.36815593632916593,-0.4119523868661843,-0.1223941754100257,-0.346605587236511,-0.26581416084152587,-0.3554168051286524,-0.529523857040036
1918,-0.5323144928070563,-0.6165883737125466,-0.24211683100066173,-0.22703554580613344,-0.37168562978664166,-0.4113164316384784,-0.12186187274674666,-0.34815709673498335,-0.2655215606533088,-0.35590596961481635,-0.5266321744351425
1919,-0.49011340406731446,-0.5565591315819007,-0.2148865972964242,-0.20678063399715546,-0.3514226666674041,-0.36844597601811446,-0.10632075146767922,-0.3199709174810085,-0.23370676211028032,-0.315656647279728,-0.4700929428564769
1920,-0.5190677188320977,-0.5974494811968553,-0.23328017272833773,-0.22091262279879986,-0.36607885960736175,-0.3973460360355323,-0.11667012927307284,-0.33947437034057765,-0.25506892491696165,-0.3428883956741407,-0.5078583246050739
1921,-0.464842140298886,-0.5226202058694233,-0.2007012046478624,-0.191461382327763,-0.3307568865112679,-0.3479119613997782,-0.09985766703501396,-0.3008885981028997,-0.2183824901189762,-0.29400368368301366,-0.4485707468974696
1922,-0.4718697577472676,-0.5332030068889336,-0.20611302059349823,-0.19183426157853756,-0.3274933570744748,-0.3584820430895177,-0.10420973242272727,-0.30362665913472203,-0.22558779835950815,-0.30133890664228025,-0.4673809829034914
1923,-0.5337343522060934,-0.6184309155016612,-0.24278946606319232,-0.22842386192617403,-0.3738749246775901,-0.4119428090377122,-0.12194407449877033,-0.34954674635929456,-0.26608913340533585,-0.3570525542011818,-0.5264162421607864
1924,-0.5179876393715129,-0.5973457736736121,-0.23442274360164386,-0.215667426428915,-0.3550010925273235,-0.40201385993826044,-0.11939583041960501,-0.33573964770215986,-0.25791843438615236,-0.3435587532530584,-0.5211364325688564
1925,-0.5209672943083239,-0.6016429928880568,-0.2364116565421818,-0.2169897151402403,-0.35618387963308124,-0.40518440128537037,-0.1205814986648349,-0.33766636650261983,-0.2602835466125353,-0.34647757910024835,-0.5254226136085374
1926,-0.5176933915472514,-0.5974838480068821,-0.23494673690240883,-0.21369446603919212,-0.3507088849589928,-0.4039438627154074,-0.12049682591588307,-0.3343710513856736,-0.2591176840713114,-0.343938798676767,-0.5263833008554357
1927,-0.5440214704524062,-0.6346297776064792,-0.25132279717680095,-0.22924849594506158,-0.3694837560417652,-0.4276294073304535,-0.12866909896991094,-0.3538290542502898,-0.27745903984712206,-0.3688020515672057,-0.5529153540490473
1928,-0.5432794218173138,-0.6335081946947644,-0.2507691798784094,-0.22902080894839044,-0.36943467150445897,-0.42669813492875497,-0.1282922666842645,-0.35341413382160003,-0.27676420189445733,-0.36800974693478794,-0.55152033971247
1929,-0.5686794233627315,-0.6699774941441591,-0.26706830078110094,-0.24450524008524016,-0.38747777772864667,-0.449884250273236,-0.13642747463792906,-0.37234963317932873,-0.29507466325117016,-0.3928567585718676,-0.5772873049582234
1930,-0.5580788827513461,-0.6528270074584938,-0.25778049098505323,-0.24422766301836596,-0.39327940791470906,-0.43281691788833443,-0.12891530515331473,-0.3682616429529474,-0.2825193383482626,-0.3801167264467505,-0.5481556349352098
1931,-0.49945649981426277,-0.5711011750292194,-0.22257527935125004,-0.2066320366958807,-0.3455623207993564,-0.38352011121937213,-0.11272217430511493,-0.32322137746285573,-0.24413432483046069,-0.3260096120918047,-0.49729293574208755
1932,-0.4730453716970219,-0.533190088936874,-0.20478312476127522,-0.19758160193324958,-0.3402701256712012,-0.3530042239325104,-0.10112489594567216,-0.3078608068341148,-0.22236037749108936,-0.30051326340241785,-0.4514655288970195
1933,-0.4828825396942026,-0.5472969241576134,-0.21142727457303112,-0.20070552770263017,-0.34174258373457533,-0.3646130555323319,-0.10554934546348269,-0.31341530447676474,-0.230548398384379,-0.30997732133881667,-0.4693629394349592
1934,-0.5225809593287244,-0.6018352509998282,-0.23474527541977014,-0.2247397737532673,-0.372427634311455,-0.39834186142284045,-0.11657340761749575,-0.3431736136809662,-0.25610264480396444,-0.34551556803585987,-0.5059053954306397
1935,-0.5399528967683758,-0.6273145500813206,-0.24677426873030445,-0.23190464739687477,-0.37773762423935847,-0.41785661181368605,-0.12404006360917885,-0.3539950868071228,-0.2706300074256535,-0.36305418072087536,-0.5334986667396822
1936,-0.5735381638464208,-0.6751560358706318,-0.2677786981212794,-0.25389731668151116,-0.4042612321400252,-0.4469599331404063,-0.13386148172416704,-0.3798468600081702,-0.293720636890039,-0.39540209320485736,-0.5638864015323221
1937,-0.5903599508858214,-0.7009947270929983,-0.28057036976843386,-0.26024419100988055,-0.4072302375784045,-0.46751115035948587,-0.14219882382024385,-0.38991206639202364,-0.30956880528578967,-0.4140060541605304,-0.5934610622477666
1938,-0.556912304108067,-0.6525897789204836,-0.25891361872127583,-0.23866239216387564,-0.38212742281842377,-0.43746617447819813,-0.1317171950332529,-0.3644139002455925,-0.2854354801214812,-0.3807314442453783,-0.5612725321680928
1939,-0.5906626234575738,-0.7010270690815509,-0.28022399536081416,-0.2618605783228194,-0.4103630006298876,-0.466167698688818,-0.14137771717305164,-0.3909874167510875,-0.3086983650375035,-0.4138009602723932,-0.5897767724350995
1940,-0.6116823373420515,-0.7337969313871125,-0.2966891924761645,-0.2696921737305918,-0.41349499563425507,-0.49231512420871437,-0.15219072163543065,-0.4035125098119101,-0.32922479807763794,-0.43778321558143074,-0.6270825266660164
1941,-0.622567942675272,-0.7506249071757668,-0.3049559514633194,-0.2749286814360274,-0.4173544660655898,-0.5046862700764192,-0.15717496538493186,-0.4106942617095597,-0.339228641073841,-0.4500828016460983,-0.6432444273353012
1942,-0.6390746357065566,-0.7748767974224081,-0.31566783586122515,-0.2883221967555564,-0.4337693608762435,-0.5177682665443196,-0.1614635583618987,-0.42468752460661474,-0.3505909298169483,-0.4671672510720376,-0.6539861263568897
1943,-0.6404139252497689,-0.7774568653785668,-0.31736716798166137,-0.2872713531887389,-0.4308694109539267,-0.521165055127335,-0.16318257562399213,-0.42460156538608185,-0.35317431437187474,-0.4693498239037357,-0.6603855861679788
1944,-0.6360843954906787,-0.7704365733095676,-0.31367436656063324,-0.28597110099925127,-0.43099645123995667,-0.5152826522101456,-0.16061841589505407,-0.42220370117323824,-0.3484396654276134,-0.464008104978957,-0.651780659666896
1945,-0.589188404312996,-0.6997034144456252,-0.28035875709901303,-0.25801541104034154,-0.4033424245975513,-0.46811270933057014,-0.14276807344580492,-0.38814456712947354,-0.30982998110926385,-0.41334205982501826,-0.5964045400274788
1946,-0.5803722552803424,-0.6871565027485118,-0.2749779177099078,-0.2511979941051378,-0.3944996318577445,-0.4613610402146756,-0.1406498571086762,-0.38075946025276997,-0.3041838320026211,-0.40481424448966946,-0.5908925113538257
1947,-0.6160518128096975,-0.7412819649725613,-0.3009983352931204,-0.26916811768166504,-0.4097064441035486,-0.5001718475794252,-0.15586008200707901,-0.40486302886055686,-0.3352371957493011,-0.44364620854579545,-0.640492338722849
1948,-0.6395068342699306,-0.7762579568720528,-0.31696538015788606,-0.2860200292383898,-0.4289630753556062,-0.5209917127003446,-0.16326628444038357,-0.42354086497936094,-0.35293109050409677,-0.4685824800894427,-0.6610916734545177
1949,-0.6335805405005268,-0.7662622705732361,-0.31138034038858314,-0.28565859552153605,-0.43192855487302695,-0.5114048527340364,-0.1588616968045124,-0.4210695579836889,-0.34537808172321804,-0.46077540826832963,-0.6456449591012802
1950,-0.6868659038174689,-0.8476495536415792,-0.3493963047247569,-0.3248754644056327,-0.47348253261944406,-0.5605060339506774,-0.1768441929695391,-0.46340435420997234,-0.3879167455926672,-0.5203172623990223,-0.6953644377196274
1951,-0.675723634185561,-0.8334363546353898,-0.34547128973537716,-0.3052919599160202,-0.4437072825106807,-0.5617861822301148,-0.17999435819049073,-0.44835650450630443,-0.38730081482444645,-0.5115412864330272,-0.7120263765332112
1952,-0.6889848273483772,-0.8533597362104398,-0.3543491271289823,-0.31751810158252786,-0.45852178830479473,-0.5717611116225156,-0.1831957301707187,-0.46023645387915624,-0.3965207884003096,-0.5260289117055845,-0.7188841948497022
1953,-0.7064238153576297,-0.8799610129651264,-0.36644101164462795,-0.33339844211571135,-0.47684319284937593,-0.5855529225250566,-0.18781666691604482,-0.47562237348860253,-0.4092977317742934,-0.545682958090409,-0.7292574405636318
1954,-0.7104895409545064,-0.8863038858399215,-0.3694365746211894,-0.3367817736001201,-0.4804169926001529,-0.5891668830823216,-0.1891393011129002,-0.4790198821802015,-0.4126023897021608,-0.5504687440366958,-0.7325595075128928
1955,-0.7435675767854841,-0.9403567449547775,-0.3970334619578524,-0.35780706775611165,-0.4968757119356527,-0.625893138510593,-0.20454115886460963,-0.5031070686729696,-0.44559932364023846,-0.593029311854042,-0.7755382461586761
1956,-0.7870708608210792,-1.0107291029966292,-0.4315574107519998,-0.3961052270769093,-0.5341552794680554,-0.6661507093543859,-0.22003521369197201,-0.5398091475445499,-0.48420619987507496,-0.6487168250527037,-0.8124478698655394
1957,-0.8200743143688596,-1.064879227524963,-0.4582732641156604,-0.4284861069976084,-0.5650249453885867,-0.6956172919076644,-0.23121752046928482,-0.5687829086441349,-0.5136087223850224,-0.6926039484563079,-0.8371521248837096
1958,-0.8059846778922728,-1.043435647316634,-0.449440162128812,-0.4071504937677858,-0.5400925613746994,-0.6897094030337597,-0.2307846876024648,-0.5528557405108903,-0.5064212980141348,-0.6762806904457405,-0.8414125045427215
1959,-0.8252578422690324,-1.076598025257379,-0.4672894370162564,-0.4207853753357264,-0.5495712688390312,-0.711916708597179,-0.24068701548217009,-0.5672582526319166,-0.5280301080321944,-0.7043613077506866,-0.8665277159375688
1960,-0.8411852375512068,-1.1042280565826978,-0.48228052721501397,-0.43246612420589026,-0.5576892773218496,-0.7302212453885675,-0.2489208135595815,-0.5793095623730001,-0.546173201572952,-0.7280855229795198,-0.8868871404689034
1961,-0.9032575413354318,-1.2122297040528793,-0.5402967924347355,-0.48882259673788786,-0.6021322414686215,-0.7953614455863477,-0.2774009889781685,-0.6306282849902842,-0.6141744799599412,-0.822649973911759,-0.9509620472447711
1962,-0.9032663700955033,-1.2135969931337502,-0.5424482729566801,-0.48284529228670564,-0.5933589564934715,-0.8002874947688838,-0.2808272787872485,-0.6280192099769464,-0.618618174089145,-0.8248327927120951,-0.961248813535896
1963,-0.9384790324234471,-1.2741143014175276,-0.5734820530796954,-0.5273512552245018,-0.6334889507722604,-0.8294530518870374,-0.29186852399146895,-0.6619968392501435,-0.6519147212065847,-0.8784319706781603,-0.9800984118355776
1964,-0.9304771633136857,-1.2632533275006992,-0.5711408586589798,-0.5034815058161404,-0.6051451332033168,-0.833587426987652,-0.29697969527379453,-0.6484990401651877,-0.6542236962761965,-0.8709385441779648,-0.9981208981688384
1965,-0.9433076785902876,-1.2863157016575681,-0.5840250804249166,-0.5161347132254923,-0.6145577619250819,-0.8472662278343364,-0.3032412671701735,-0.6593487595084881,-0.6694688979670823,-0.8923231432468911,-1.0111367461088867
1966,-0.9510792886561108,-1.3009360391805538,-0.5928624932118717,-0.521228496036833,-0.6164741295408954,-0.8576542046156147,-0.30856286213333245,-0.6648215569706325,-0.6807871384845297,-0.906431564115022,-1.0232358597556046
1967,-0.9590464532961134,-1.3137243428538963,-0.5983046551629744,-0.5369960535041247,-0.6330909856721135,-0.8602431354619389,-0.3082263298184626,-0.6747878024605781,-0.6848042570030577,-0.9172518507896338,-1.0192107164295892
1968,-0.9682623805871142,-1.3320295347816389,-0.6103270598073032,-0.5393321204481689,-0.6300423898226675,-0.875594594700627,-0.3167737274286433,-0.6797185417259247,-0.7013169283846128,-0.9357573909710188,-1.0396229056579132
1969,-0.9742619914623751,-1.3442541721329586,-0.6186619832574718,-0.539588354438688,-0.6262450465924245,-0.8865303867838393,-0.3230641109758229,-0.6824227118634996,-0.713095967379251,-0.9483951323458097,-1.0546783610790105
1970,-1.005038381095002,-1.4008197630070123,-0.6511126058022185,-0.5729175561135367,-0.6502736455622831,-0.91917061517262,-0.3383914698697249,-0.7092085284791322,-0.7515392089925287,-1.0032995862385543,-1.0844109861555167
1971,-1.0114750015646436,-1.4121796164443545,-0.657063430591427,-0.5828753497716033,-0.6590034070218981,-0.9240056406292786,-0.34013500972670907,-0.7159342601469965,-0.7577212032986422,-1.0140618133950796,-1.086606200947552
1972,-1.0464894708515713,-1.4754626556804267,-0.6916260525932161,-0.6344241108757633,-0.700417995855206,-0.9536005352594132,-0.3520878908847216,-0.7509752858397197,-0.7952613605911565,-1.075822664051626,-1.1046877784563722
1973,-1.0484385537517786,-1.4822760116290716,-0.699221854869944,-0.6209223140448324,-0.6823079354413073,-0.9667465132028205,-0.3615232923564553,-0.7467775278864474,-0.8092768008459585,-1.085307208037426,-1.128432512092817
1974,-1.0436406086197385,-1.472713049448257,-0.6929696864401838,-0.6178786870831754,-0.6818092237275731,-0.9597782938086274,-0.35764261722145074,-0.7435114795294797,-0.8010081765262586,-1.0751273297265038,-1.1202629948653962
1975,-1.03140478716171,-1.4498465653164543,-0.6796205021393856,-0.6030633626166172,-0.671431093416062,-0.9470673079616483,-0.3516296360107527,-0.73248952789288,-0.7852996823501569,-1.0520566117024355,-1.109306660769079
1976,-1.064958622140622,-1.5124663722420149,-0.715957647939176,-0.6463120326359773,-0.7023157494803195,-0.9806685498405546,-0.36721786026597664,-0.7635237664474049,-0.827480207677267,-1.1155297308205772,-1.1366929110772475
1977,-1.0700119650966544,-1.5221719941235279,-0.7218773109412489,-0.6520178692570537,-0.7057561623651405,-0.9864345417061869,-0.37012572822075684,-0.7678548173250732,-0.8346880368730892,-1.1257010342955573,-1.1421522983470431
1978,-1.0786344721798682,-1.5378284468144054,-0.730371396479941,-0.6667953157347783,-0.7175331365702577,-0.992946702045773,-0.3725203039509536,-0.7770478329973761,-0.8435315833242081,-1.1414268034167094,-1.1449031507203096
1979,-1.0882877671015199,-1.5563681388442294,-0.7416292057583223,-0.6786612940594761,-0.7249025123494518,-1.0035550155731598,-0.3777856667240491,-0.7855959253564967,-0.8570500662891354,-1.161025833479255,-1.1544593017584175
1980,-1.0857460058413901,-1.551426578950694,-0.7385613762008411,-0.6757952740911973,-0.72328325542342,-1.0005753455198363,-0.3762517532739587,-0.7834413449138087,-0.8532792478371052,-1.1557409177406102,-1.1515818937174778
1981,-1.0684039258399853,-1.5180476654660164,-0.7181820710375484,-0.655510973646007,-0.7110702532867744,-0.9809687269462621,-0.3663971234617393,-0.7684186685959897,-0.8285661484566575,-1.120531609831622,-1.133265902482326
1982,-1.090718676524727,-1.5566439738243594,-0.736670397113615,-0.7047689568340327,-0.7530742655571167,-0.9906954951703247,-0.3669974211249227,-0.7959337154014778,-0.843906900409278,-1.1576343058545457,-1.12598276828878
1983,-1.050631376572915,-1.4840546460588007,-0.6975925367699134,-0.6354611589153863,-0.6988788587224307,-0.9607945114289418,-0.3563201344852685,-0.7531826998046444,-0.8035856281708904,-1.085220676716167,-1.1141421828494347
1984,-1.0646365197555936,-1.5097442254621163,-0.7119084513397689,-0.6567257855251998,-0.7150789287096085,-0.9728928109586007,-0.36133124683153633,-0.7671994312193193,-0.8192594551631199,-1.1109792258715563,-1.1216906215644007
1985,-1.0707802580647279,-1.5208674659372432,-0.7179059935104881,-0.66721586284352,-0.723349728453556,-0.9775190202028925,-0.36300638745302277,-0.7737275376043022,-0.8254773069992328,-1.1220624322314874,-1.1236113774328453
1986,-1.0722043283944906,-1.5234121903155864,-0.7192347175070023,-0.6698576085470715,-0.7254905236513008,-0.9784583120602001,-0.36329171745570066,-0.7753122137705842,-0.8267830723431879,-1.124573236034333,-1.123787681134977
1987,-1.092744339980091,-1.5616449235387324,-0.7409904508520324,-0.7015765178355152,-0.748173398299684,-0.9968168042939823,-0.3711294468279075,-0.7957013355958819,-0.8508777372984052,-1.1638632584005568,-1.135809670358139
1988,-1.0974881975006794,-1.570837979137894,-0.7466373153343929,-0.7073902003194669,-0.7515458927923947,-1.0021825842297873,-0.37382377988643894,-0.7998408252459757,-0.8577047178944682,-1.1736905985621773,-1.1408053100620779
1989,-1.0903144750491833,-1.5579473623657853,-0.7398887350284964,-0.6933533580806136,-0.7404902389151071,-0.9976184096573807,-0.37251915840125616,-0.791721296096763,-0.8511714909106366,-1.1607602222760456,-1.1403289635016558
1990,-1.0985136940155031,-1.5724697018320075,-0.7472237554426688,-0.7105416368795077,-0.7543779417743816,-1.0020775358203422,-0.3734166249590078,-0.8013978732165159,-0.8578307418726195,-1.175138734823012,-1.1393551523994083
1991,-1.1515490495321228,-1.6687852240113923,-0.7980218732527036,-0.8214146277697124,-0.8351840914203675,-1.0349791424063575,-0.38211562966961327,-0.8620569658616942,-0.9062501375331065,-1.274012709360612,-1.139629976382902
1992,-1.0725394874218206,-1.5225544941256206,-0.7169925378453693,-0.6779865012610545,-0.7346944388782166,-0.9735163294064294,-0.359377026850207,-0.7783959839224965,-0.8216841980214248,-1.1224450133868618,-1.1134774780928185
1993,-1.0788095696973747,-1.532577177545393,-0.7207385697996908,-0.6959652748243333,-0.7509886999978436,-0.973363368045753,-0.3573053555118753,-0.787587620039543,-0.8229447884715008,-1.1312880462775832,-1.1055045659083453
1994,-1.1122492395391312,-1.591444389816549,-0.7497996251108304,-0.7690516320626885,-0.807627981162395,-0.9899462499229298,-0.3594921316886145,-0.8275508541826876,-0.8481510292875372,-1.1889831245123696,-1.0972587260539741
1995,-1.0767733207586003,-1.5259688329057173,-0.7136291726434166,-0.7074032619987625,-0.764907979977398,-0.9614145259040314,-0.34873947709702297,-0.7907659106529039,-0.8100646035034023,-1.1221416068081267,-1.083516174601847
1996,-1.0608426078786604,-1.4963719196416816,-0.6968695956929706,-0.6835011715514332,-0.7485073935127806,-0.9467971812665393,-0.34252581967794066,-0.7752828860719098,-0.7914565838991575,-1.0921486511023635,-1.0733587519681667
1997,-1.1419898323113344,-1.643909459071907,-0.7752280153835499,-0.8409670002087763,-0.8593056174129073,-1.0024092133047768,-0.35937852085602884,-0.8642086462565013,-0.8686003935396411,-1.2411108321873152,-1.0837100026200486
1998,-1.1312672768570924,-1.6227192809134598,-0.7619934911413839,-0.8265087657572738,-0.8521111938439911,-0.9898942719055056,-0.35312606530687574,-0.8548858603847589,-0.852668755117316,-1.2177917255909376,-1.0715319454786931
1999,-1.0467113884261334,-1.4664088201583072,-0.6755167437333938,-0.6822676916287547,-0.7559228961108961,-0.9198088295900971,-0.32645196883795197,-0.7687374244816271,-0.7610724872481545,-1.0590092496378825,-1.0348511637037157
2000,-1.0245343730573575,-1.427533444951724,-0.6559623351219885,-0.6418253785140314,-0.7235849140518011,-0.9058891415037332,-0.32277321475565407,-0.7442173861628878,-0.74245127093146,-1.022251697617907,-1.033880985324905
2001,-1.0276027332784503,-1.4333784949564305,-0.659480484072221,-0.6449167559947137,-0.7252755775862032,-0.909589431789786,-0.3246105386847857,-0.7466992307781098,-0.7467662502688961,-1.0281516838647893,-1.0377619555039144
2002,-1.0783880996746986,-1.5231351426622841,-0.7050531128449599,-0.7400165889266291,-0.7984275552886619,-0.9416579925466398,-0.33307869733940254,-0.8029430541311176,-0.790178185889384,-1.1142897421050781,-1.0396646506107576
2003,-1.0973205475865695,-1.5595779848996136,-0.726966449529156,-0.7646837646885196,-0.8122233320536526,-0.9626889276895081,-0.34314509628885886,-0.8196022087127077,-0.8161165428589525,-1.1525074075729445,-1.05934935435918
2004,-1.1013920317594614,-1.5700308033118076,-0.7363354437385953,-0.7564999979874647,-0.8014955572445764,-0.9766008925978674,-0.3526141917340196,-0.8185628525466994,-0.8315446873613928,-1.1657751104086242,-1.0834743050261852
2005,-1.1211603478187053,-1.6085754023379568,-0.760030594808083,-0.7822642743431644,-0.8154468334343711,-0.9990551367309896,-0.36371643263405806,-0.8358775400326884,-0.8599535040560763,-1.2072879677702626,-1.1046520932107189
2006,-1.1369467321055091,-1.6380737730859294,-0.7765429160045183,-0.8115919835139839,-0.8346095084229562,-1.0116040656135188,-0.36838143926418115,-0.8524691325216057,-0.8772261287363015,-1.2382709637128066,-1.1101294077432504
2007,-1.1290421989164963,-1.6230841779349274,-0.7678906969106297,-0.7978678411749297,-0.826062213185293,-1.0046108356429884,-0.36548574208515155,-0.8445053028410175,-0.8677906897321037,-1.2222962332915008,-1.1059188826449255
2008,-1.1062017471821508,-1.5798234121814658,-0.7428514409183128,-0.7603517488528183,-0.8024930142029822,-0.9836615130037226,-0.3565521950284826,-0.821966708444596,-0.8400868365657487,-1.1766242284409811,-1.0920005419687109
2009,-1.0908357834992128,-1.5490715098625454,-0.7229766744545746,-0.7456816534666896,-0.7968017276305294,-0.962805449662694,-0.345334332995781,-0.8102702870818085,-0.8147290331971918,-1.1431026221499325,-1.068243166408478
2010,-1.1142377562146815,-1.5910690515975745,-0.7445311982014917,-0.7943354374163699,-0.8314492483031696,-0.9767288773609413,-0.34850069560673136,-0.8369143661326096,-0.8347156518190576,-1.1849500925219902,-1.0665563153805377
2011,-1.100361808458412,-1.566452536924575,-0.7322978836630081,-0.7634849067493682,-0.8092043688586515,-0.9696983928508898,-0.3475865410549713,-0.8205046036557699,-0.8240999751026761,-1.1606318442605965,-1.0702377773332972
2012,-1.121766716127679,-1.604495765287932,-0.7512443787775485,-0.811336051119966,-0.8433457198733488,-0.9805697781441284,-0.3489963967800775,-0.8458080422339791,-0.8405446154752002,-1.1983353706136672,-1.06450109545182
2013,-1.0974143587572143,-1.5594882030291373,-0.7265932936266252,-0.7662293838733844,-0.8137147780055073,-0.961801866585112,-0.3424282879293242,-0.8201707167035642,-0.8152212379747629,-1.1521840772651653,-1.0573199510766245
2014,-1.1192129672948274,-1.5988833398412508,-0.7470612959617252,-0.8111778695679124,-0.8446751337479355,-0.975397556094036,-0.3458035764887122,-0.8446571854997381,-0.8345140606241563,-1.1917403557317,-1.0568117119798537
2015,-1.0642455708415688,-1.491643741976327,-0.681171523932542,-0.7446824060951214,-0.8113723036416173,-0.9094857139793664,-0.31317035129917264,-0.7985543696082734,-0.7547099965025386,-1.0781656494380512,-0.9885860057712693
2016,-1.046135972689334,-1.456867034347674,-0.6602826014703586,-0.7238260140110734,-0.8004948395012365,-0.8879352283589922,-0.30275947838963163,-0.7835188745427044,-0.7295520472390832,-1.0425967862555545,-0.9658985768994548
2017,-1.027563993555728,-1.4214896333599687,-0.6392683123356839,-0.7029694284147195,-0.7894030762327829,-0.8659120184364177,-0.2922488692510345,-0.7681852098010651,-0.7043083326340532,-1.0070276766853865,-0.9424947480353006
2018,-1.0085054020393251,-1.3854904223436273,-0.6181271426403878,-0.6821126493019697,-0.7780883999468828,-0.8433948791482829,-0.2816365944369486,-0.7525413096677781,-0.6789782659255655,-0.9714583207229941,-0.91832779634069
2019,-0.988934010571116,-1.3488471511792404,-0.5968575509078344,-0.6612556766682349,-0.7665416667223564,-0.8203611458340164,-0.27092066796449743,-0.7365743609008203,-0.6535612543095758,-0.9358887183672432,-0.8933462736340126
2020,-0.9688214590197362,-1.3115363536993645,-0.5754579673984289,-0.64039851051192,-0.7547531582086192,-0.7967865571268946,-0.2600990450837223,-0.7202707396770008,-0.6280566988566433,-0.9003188696147206,-0.8674933468919087
2021,-0.9660488051709086,-1.3067088048416184,-0.5730181750151832,-0.6362316106406725,-0.751644566640908,-0.7946463945480585,-0.25940059102883223,-0.7175104736485391,-0.6255778233154802,-0.8959762789747131,-0.8665090644759228
2022,-0.9632655426675036,-1.3018698506969728,-0.5705766814195358,-0.6320647030457107,-0.7485187162436311,-0.7925016603123576,-0.2587016920488622,-0.7147403188731991,-0.6230981176602689,-0.8916336846632413,-0.8655234732848909
2023,-0.9604715900165104,-1.297019437246843,-0.5681334842373968,-0.6278977877260083,-0.7453754143051031,-0.7903523348467035,-0.2580023475766038,-0.7119602042426125,-0.6206175813348569,-0.8872910866780189,-0.8645365698336895
2024,-0.9576668647822824,-1.2921575100879623,-0.5656885810897042,-0.6237308646825346,-0.7422144648677865,-0.7881983984520382,-0.25730255704376276,-0.7091700578786495,-0.6181362137825281,-0.8829484850213198,-0.8635483506232554
2025,-0.9548512835719436,-1.2872840144287216,-0.5632419695924064,-0.6195639339142628,-0.7390356686549885,-0.786039831302251,-0.25660231988095816,-0.7063698071222689,-0.615654014446008,-0.8786058796919977,-0.862558812140512
2026,-0.952024762020512,-1.2823988950854646,-0.560793647356453,-0.6153969954216633,-0.7358388229954724,-0.7838766134430818,-0.2559016355177163,-0.7035593785221627,-0.6131709827674615,-0.8742632706889063,-0.8615679508582937
2027,-0.9491872147757299,-1.2775020964787365,-0.5583436119877783,-0.6112300492052066,-0.7326237217459208,-0.7817087247910157,-0.25520050338247097,-0.700738697823198,-0.6106871181884921,-0.8699206580143195,-0.8605757632352711
2028,-0.9463385554825992,-1.2725935626294926,-0.555891861087287,-0.6070630952638659,-0.7293901552111695,-0.7795361451321651,-0.2544989229025593,-0.6979076899546438,-0.6082024201501413,-0.8655780416670911,-0.8595822457158744
2029,-0.9434786967676136,-1.2676732371552581,-0.5534383922508412,-0.6028961335986106,-0.7261379100621377,-0.7773588541211364,-0.25379689350421913,-0.6950662790181832,-0.6057168880928876,-0.8612354216460749,-0.8585873947302177
2030,-0.9406075502226765,-1.2627410632662395,-0.5509832030692453,-0.598729164208414,-0.7228667692513754,-0.7751768312798882,-0.25309441461258597,-0.6922143882757034,-0.603230521456646,-0.8568927979546845,-0.8575912066940209
2031,-0.9328026164442402,-1.2487521563743145,-0.5433499757265835,-0.5902772036979742,-0.7172663353103174,-0.766901649395581,-0.2495573466743925,-0.6856015266509147,-0.5944421830549086,-0.8441620797856152,-0.8493784805222048
2032,-0.9249130305925222,-1.2346670498430274,-0.5357000715183322,-0.5818252114077691,-0.7116096326508113,-0.7585576965525384,-0.2460088387848621,-0.6789316226629152,-0.5856434019667017,-0.8314313300543513,-0.841073737698775
2033,-0.9169369362468416,-1.2204844114039555,-0.5280334174145911,-0.5733731873385578,-0.7058955191005997,-0.7501438201220445,-0.24244881670326301,-0.6722036836511084,-0.5768341533455861,-0.8187005487584563,-0.832674892899846
2034,-0.9088724152418821,-1.2062028809197154,-0.5203499399047009,-0.5649211314891034,-0.7001228173539155,-0.7416588382525422,-0.2388772054638209,-0.6654166908156267,-0.568014412256345,-0.8059697359000536,-0.824179789100434
2035,-0.9007174848987893,-1.1918210696012006,-0.512649564993006,-0.5564690438601649,-0.6942903135155851,-0.7331015388733492,-0.23529392936624657,-0.6585695982914479,-0.5591841536745564,-0.7932388914767069,-0.8155861942491787
2036,-0.8924700950993003,-1.1773375591971464,-0.5049322181945883,-0.5480169244505052,-0.688396755568932,-0.7244706786555537,-0.23169891196610948,-0.6516613321811494,-0.5503433524861624,-0.7805080154893996,-0.8068917977480315
2037,-0.8841281251920954,-1.162750901154833,-0.497197824530937,-0.5395647732608835,-0.6824408517626357,-0.715764981927858,-0.22809207606505189,-0.6446907895440633,-0.5414919834870512,-0.7677771079391151,-0.7980942067230202
2038,-0.8756893807196966,-1.1480596157506853,-0.4894463085255803,-0.5311125902900626,-0.6764212689113536,-0.7069831395450069,-0.22447334370084307,-0.6376568373394557,-0.5326300213826137,-0.7550461688234171,-0.7891909420710297
2039,-0.8671515899532747,-1.1332621911894727,-0.4816775941996679,-0.5226603755388016,-0.6703366306045099,-0.6981238077062931,-0.2208426361372659,-0.6305583113211904,-0.5237574407873223,-0.7423151981455688,-0.7801794342662648
2040,-0.8585124002216764,-1.1183570826707268,-0.47389160506749894,-0.5142081290058637,-0.6641855153172335,-0.6891856067214678,-0.2171998738538404,-0.6233940148811901,-0.5148742162242822,-0.7295841959008538,-0.7710570189086414
2041,-0.8482927021352462,-1.1009076289384703,-0.46492180885252604,-0.5039448219246615,-0.6563968748652931,-0.6790104952789473,-0.21316971857477363,-0.6147680395317552,-0.5047835220511457,-0.7148605551611921,-0.7611399743435514
2042,-0.8379273783091608,-1.083308237812835,-0.455928975451794,-0.49368146798328055,-0.6484989750471977,-0.6687312099027654,-0.20912470472945532,-0.6060447493793015,-0.49467905840621473,-0.7001368722036975,-0.7510884461782035
2043,-0.8274122184847295,-1.0655563102196945,-0.4469129862274327,-0.4834180671807936,-0.6404887068075887,-0.6583455954201368,-0.20506472234980094,-0.5972219236123478,-0.48456078765928456,-0.6854131470269879,-0.7408987367870721
2044,-0.8167428271344428,-1.0476491789135671,-0.43787372162275623,-0.47315461951777094,-0.6323628264677262,-0.647851429078599,-0.20098966024238193,-0.58829726451973,-0.47442867202567773,-0.6706893796296811,-0.7305669939171456
2045,-0.8059146124298247,-1.0295841060724757,-0.4288110611527488,-0.46289112499378465,-0.624117947839193,-0.6372464176906806,-0.19689940597015282,-0.5792683938987123,-0.46428267356540065,-0.6559655700138151,-0.7200892019442748
2046,-0.7949227743756979,-1.011358280785794,-0.4197248833944312,-0.45262758360690963,-0.6157505337515266,-0.6265281946261598,-0.19279384583383485,-0.570132849250902,-0.4541227541822953,-0.6412417181791477,-0.7094611725026206
2047,-0.7837622920341243,-0.9929688164293118,-0.4106150659770978,-0.4423639953582152,-0.6072568869407238,-0.6156943166420413,-0.18867286485295348,-0.5608880797507434,-0.4439488756231774,-0.6265178241231567,-0.6986785344324754
2048,-0.7724279097528979,-0.9744127479213947,-0.4014814855724315,-0.4321003602467742,-0.5986331402398768,-0.604742260539629,-0.18453634674651626,-0.5515314419700816,-0.43376099947696733,-0.6117938878456001,-0.687736722986084
2049,-0.7609141223040485,-0.9556870288537065,-0.3923240178844785,-0.42183667827165966,-0.5898752460067966,-0.5936694196372563,-0.18038417391332487,-0.5420601953408656,-0.42355908717383006,-0.5970699093485157,-0.6766309682247481
2050,-0.7492151588271636,-0.9367885284895586,-0.3831425376395075,-0.41157294943344186,-0.5809789647162799,-0.5824731000463336,-0.17621622741191326,-0.5324714973365062,-0.41334309998429364,-0.5823458886305214,-0.6653562825334027
2051,-0.7407724291666771,-0.9233940864684023,-0.3768287122925412,-0.40363972260219055,-0.5735995810893262,-0.5750717689641941,-0.17363545674729097,-0.5252596485919964,-0.4065420048336509,-0.5720937886644984,-0.6588381891960973
2052,-0.732230559090465,-0.9099114729738991,-0.3705034813194084,-0.39570646777333646,-0.5661221909794201,-0.5676154726351093,-0.17104860114092119,-0.5179799026525235,-0.3997346573845254,-0.5618416682314775,-0.65226226917019
2053,-0.7235871925530939,-0.8963395194987459,-0.36416680343807795,-0.38777318494568375,-0.558544156035184,-0.5601033885592107,-0.1684556318308206,-0.5106309688979725,-0.39292104613076617,-0.5515895273279566,-0.6456274872203195
2054,-0.7148398885119678,-0.8826770341518447,-0.35781863714198736,-0.37983987412003295,-0.5508627299126889,-0.5525346756355396,-0.1658565198505977,-0.5032115195558187,-0.3861011595344287,-0.5413373659538544,-0.6389327800600784
2055,-0.7059861167890129,-0.8689228010301779,-0.35145894069840505,-0.37190653529568735,-0.5430750523000563,-0.5449084735968902,-0.16325123602750913,-0.49572018826131786,-0.37927498602566956,-0.5310851841125087,-0.6321770553293324
2056,-0.697023253677401,-0.8550755795694519,-0.3450876721467917,-0.36397316847195027,-0.5351781425229692,-0.5372239024230265,-0.16063975098049751,-0.48815556854726533,-0.3724425140026092,-0.5208329818004181,-0.6253591905245006
2057,-0.6879485772742231,-0.8411341038726389,-0.3387047892971358,-0.3560397736496223,-0.5271688926953209,-0.5294800617312693,-0.15802203511820134,-0.4805162122591494,-0.36560373183122474,-0.5105807590186408,-0.6184780318791819
2058,-0.6787592625183423,-0.8270970820155087,-0.33231024972827483,-0.34810635082750746,-0.5190440603756101,-0.5216760301433966,-0.1553980586369433,-0.4728006278912302,-0.35875862784523305,-0.5003285157670948,-0.6115323931923345
2059,-0.6694523759107927,-0.8129631953282022,-0.32590401078621073,-0.34017290000640643,-0.5108002606856602,-0.5138108646277514,-0.1527677915186955,-0.46500727883876436,-0.3519071903459675,-0.4900762520468387,-0.6045210546010324
2060,-0.6600248698930324,-0.7987310976518406,-0.3194860295823962,-0.33223942118512334,-0.5024339578437147,-0.505883599815371,-0.15013120352901807,-0.45713458156125125,-0.3450494076022538,-0.4798239678543705,-0.597442761294619
2061,-0.6520520707277431,-0.7869291202173193,-0.3143436575514809,-0.32500831415526527,-0.494286829534863,-0.49987593547922105,-0.1483106075597445,-0.4501623841075643,-0.33977642156977206,-0.47147470140092584,-0.5931628298462884
2062,-0.6439909183572847,-0.775058744011507,-0.30919372214938234,-0.31777718386337733,-0.48602007520593604,-0.49383210749207174,-0.14648698549142386,-0.4431267468385283,-0.3344996779806635,-0.4631254213702937,-0.5888580420006835
2063,-0.635839432586577,-0.7631191715956513,-0.3040362010950006,-0.3105460303098091,-0.4776301294516605,-0.48775167783550255,-0.1446603272476598,-0.43602650467102416,-0.32921917147579927,-0.45477612776471027,-0.5845281073552927
2064,-0.6275955658943881,-0.7511095915035768,-0.298871072008631,-0.3033148534944108,-0.4691132650541453,-0.48163420048458283,-0.14283062270164257,-0.4288604601288219,-0.32393489668457764,-0.44642682058185107,-0.5801727303884342
2065,-0.6192572003462182,-0.7390291779107404,-0.2936983124113852,-0.2960836534175319,-0.46046558304066076,-0.47547922121154373,-0.14099786167581219,-0.4216273821304951,-0.31864684822489564,-0.4380774998239523,-0.5757916103382261
2066,-0.610822144328184,-0.726877090293472,-0.2885178997246028,-0.2888524300780246,-0.45168300196589417,-0.4692862773833897,-0.13916203394151982,-0.41432600472010306,-0.31335502070310506,-0.42972816548868936,-0.5713844410779562
2067,-0.602288129089309,-0.7146524730780466,-0.28332981126925705,-0.2816211834767373,-0.44276124634493463,-0.4630548977532336,-0.13732312921868436,-0.4069550257373749,-0.3080594087139923,-0.4213788175782986,-0.5669509109877254
2068,-0.5936528050785671,-0.702354455279216,-0.2781340242653641,-0.27438991361252235,-0.43369583415493196,-0.45678460224511486,-0.1354811371754472,-0.3995131054238962,-0.30276000684073223,-0.41302945609045544,-0.5624907028222291
2069,-0.5849137380618865,-0.6899821501278303,-0.2729305158313796,-0.26715862048572897,-0.4244820633139704,-0.4504749017320552,-0.1336360474278242,-0.3919988649615691,-0.2974568096548664,-0.40468008102739605,-0.5580034935745356
2070,-0.5760684050030596,-0.6775346546871368,-0.26771926298359566,-0.25992730409620757,-0.4151149970350454,-0.444125297807097,-0.13178784953935382,-0.3844108849393578,-0.29214981171626486,-0.396330692386796,-0.5534889543357173
2071,-0.5674822856966815,-0.6655694937166607,-0.2627730033371008,-0.25283843769107706,-0.40566625859706695,-0.4381770841275051,-0.1301124733051156,-0.37696966193808246,-0.28717462259048987,-0.3883779539899191,-0.5495877878269413
2072,-0.5587936093211152,-0.6535340237870523,-0.25781974659377804,-0.24574954893005657,-0.39605623778815735,-0.4321934211059604,-0.1284345348114759,-0.3694561324061504,-0.2821960884810459,-0.38042520327475693,-0.5456659803450681
2073,-0.5499998962386248,-0.6414274137212405,-0.25285947292905975,-0.23866063781400343,-0.38627933293297256,-0.42617388367576425,-0.1267540262091762,-0.3618688773353956,-0.2772142048870195,-0.3724724402435516,-0.5417233123060383
2074,-0.541098575780381,-0.6292488175154828,-0.24789216243400453,-0.23157170434177832,-0.3763296453538997,-0.4201180390787328,-0.1250709396128349,-0.3542064355315286,-0.2722289672984114,-0.3645196648939846,-0.5377595606030577
2075,-0.5320869817353575,-0.6169973739846154,-0.24291779511482411,-0.22448274851423855,-0.3662009579965483,-0.4140254466785045,-0.12338526710072431,-0.34646730192516695,-0.26724037119610256,-0.3565668772294381,-0.5337744985308388
2076,-0.5229623475562784,-0.6046722063966247,-0.23793635089239418,-0.21739377033024487,-0.35588671209712,-0.4078956577681446,-0.12169700071454723,-0.3386499257974851,-0.26224841205183586,-0.3486140772453137,-0.529767895707796
2077,-0.513721801261052,-0.592272422096164,-0.23294780960176786,-0.21030476979015533,-0.3453799816723713,-0.4017282153718448,-0.12000613245921245,-0.3307527089152521,-0.25725308532818825,-0.3406612649449934,-0.5257395179961257
2078,-0.5043623600061793,-0.5797971121166008,-0.22795215099169275,-0.2032157468943281,-0.3346734455836926,-0.3955226540404918,-0.11831265430260611,-0.322774003569646,-0.2522543864785525,-0.33270844032615887,-0.5216891274197034
2079,-0.49488092430648134,-0.567245350780175,-0.2229493547241101,-0.19612670164162388,-0.32375935689309354,-0.3892784996408788,-0.11661655817536352,-0.31471211051282677,-0.24725231094710257,-0.32475560339105225,-0.5176164820797244
2080,-0.4852742718731213,-0.5546161952858335,-0.21793940037366186,-0.18903763403289997,-0.3126295091898381,-0.3829952691383235,-0.11491783597063907,-0.3065652767858043,-0.24224685416877548,-0.3168027541373551,-0.5135213360680152
2081,-0.47531117326008493,-0.5414382038241415,-0.21258707267399782,-0.18233937599297517,-0.30238718019965516,-0.3758304951167405,-0.11280734550648971,-0.29851183321733527,-0.23668837728332023,-0.30846369033148224,-0.5075623540636987
2082,-0.46520971955464174,-0.5281748766060532,-0.20722655089986441,-0.17564109799442462,-0.2919550663263272,-0.368614225472106,-0.11069278744677213,-0.2903736278718043,-0.2311257247808509,-0.3001246129804411,-0.5015550772474965
2083,-0.4549660139735553,-0.5148251012190428,-0.20185780992357275,-0.168942800035632,-0.28132600134979124,-0.36134571460987797,-0.1085741460820688,-0.28214885753337743,-0.2255588903830666,-0.2917855220887479,-0.4954987164042957
2084,-0.4445759927493686,-0.5013877433561645,-0.19648082450166976,-0.1622444821164784,-0.27049240533511837,-0.35402420062439466,-0.10645140561177802,-0.2738356608247838,-0.21998786779749768,-0.28344641765293843,-0.48939246281392945
2085,-0.434035415451212,-0.4878616462376908,-0.19109556927422974,-0.15554614423784308,-0.25944625216091244,-0.346648904819601,-0.10432455014340904,-0.2654321156788306,-0.21441265071746476,-0.2751072996741088,-0.483235487603093
2086,-0.4233398545939707,-0.4742456300135232,-0.18570201876413597,-0.14884778639910795,-0.24817903379805634,-0.33921903121203956,-0.1021935636918668,-0.25693623667100784,-0.20883323282203253,-0.26676816815221494,-0.4770269410701123
2087,-0.4124846844720897,-0.460538491145611,-0.1803001473763576,-0.1421494086001541,-0.23668172094055864,-0.33173376601531623,-0.10005843017873231,-0.24834597220391447,-0.20324960777596351,-0.2584290230860729,-0.47076595198119864
2088,-0.40146506914753116,-0.4467390017695637,-0.17488992939722076,-0.1354510108403634,-0.22494471953213438,-0.32419227710520426,-0.09791913343153329,-0.2396592015335271,-0.19766176922967665,-0.25008986447905895,-0.4644516268367251
2089,-0.3902759495138143,-0.4328459090346085,-0.16947133899367423,-0.12875259312111426,-0.21295782266411656,-0.316593713464505,-0.09577565718300987,-0.23087373162651992,-0.1920697108192152,-0.24175069232770874,-0.4580830491059808
2090,-0.37891202934952567,-0.41885793442101515,-0.16404435021254923,-0.12205415544029127,-0.20071015724042382,-0.3089372046067438,-0.09362798507037336,-0.22198729383699212,-0.18647342616618387,-0.23341150663311838,-0.4516592784287665
2091,-0.37360961433842166,-0.41238587615937383,-0.16155330381416555,-0.11892626332780132,-0.19485544085044276,-0.30543659909072046,-0.09266163778835472,-0.21782517369240417,-0.18392037762226443,-0.2295785545860532,-0.44880663505122587
2092,-0.36826826464606033,-0.40589330214204833,-0.15906048395008054,-0.1157983668618866,-0.18893920197178946,-0.30192374580993564,-0.0916944386157936,-0.21364052879157983,-0.18136644853484565,-0.22574559967896185,-0.44594297073643463
2093,-0.3628874042595291,-0.3993800818896738,-0.15656588809330665,-0.11267046604403239,-0.18296013388065993,-0.2983985587595087,-0.09072638604938388,-0.20943311400626452,-0.1788116382963226,-0.22191264191070004,-0.4430681999971664
2094,-0.3574664442880002,-0.3928460836741475,-0.15406951371145244,-0.10954256087422654,-0.17691688777419762,-0.29486095102546583,-0.08975747858183675,-0.20520268018484722,-0.1762559462984566,-0.21807968128012328,-0.44018223634765985
2095,-0.3520047825759639,-0.3862911745026448,-0.15157135826670295,-0.10641465135095961,-0.170808070944167,-0.2913108347718817,-0.08878771470186649,-0.2009489740638265,-0.17369937193238522,-0.21424671778836757,-0.43728499228800666
2096,-0.3465018033018338,-0.37971522010137476,-0.14907141921581218,-0.10328673747571682,-0.16463224485045885,-0.2877481212277935,-0.08781709289417637,-0.19667173817682887,-0.17114191458860886,-0.2104137514354285,-0.4343763792882325
2097,-0.3409568765612504,-0.3731180848990794,-0.14656969401008046,-0.10015881924798695,-0.1583879230877559,-0.2841727206738826,-0.08684561163944453,-0.19237071076109669,-0.168583573657001,-0.20658078222244197,-0.43145630777206595
2098,-0.3353693579343845,-0.36649963201026114,-0.14406618009533903,-0.09703089666775791,-0.15207356923817297,-0.2805845424289172,-0.08587326941430931,-0.18804562566135985,-0.16602434852680245,-0.20274781014712345,-0.4285246871003851
2099,-0.32973858803649025,-0.35985972321814197,-0.14156087491194178,-0.09390296973501755,-0.14568759460210878,-0.276983494835952,-0.08490006469135601,-0.18369621223100563,-0.16346423858661577,-0.1989148352117489,-0.42558142555433653
2100,-0.32406389205092795,-0.35319821895734194,-0.1390537758947392,-0.09077503844975376,-0.1392283557989264,-0.2733694852482814,-0.08392599593910101,-0.17932219523045145,-0.16090324322441396,-0.19508185741403383,-0.42262643031811636
